word,type,syllables,joint_syllables
acvanautic,adjectiv,"['ac', 'va', 'na', 'ú', 'tic']",ac-va-na-ú-tic
acvaplanare,substantiv,"['ac', 'va', 'pla', 'ná', 're']",ac-va-pla-ná-re
acvarist,adjectiv,"['ac', 'va', 'ríst']",ac-va-ríst
acvaristică,substantiv,"['ac', 'va', 'rís', 'ti', 'ca']",ac-va-rís-ti-ca
acvariu,substantiv,"['ac', 'vá', 'riu']",ac-vá-riu
acvaterariu,substantiv,"['ac', 'va', 'te', 'rá', 'riu']",ac-va-te-rá-riu
acvatic,adjectiv,"['ac', 'vá', 'tic']",ac-vá-tic
acvatintă,substantiv,"['ac', 'va', 'tín', 'ta']",ac-va-tín-ta
acvatoriu,substantiv,"['ac', 'va', 'tó', 'riu']",ac-va-tó-riu
acvatubular,adjectiv,"['ac', 'va', 'tu', 'bu', 'lár']",ac-va-tu-bu-lár
acvifaună,substantiv,"['ac', 'vi', 'fá', 'u', 'na']",ac-vi-fá-u-na
acvifer,adjectiv,"['ac', 'vi', 'fér']",ac-vi-fér
acvilă,substantiv,"['ác', 'vi', 'la']",ác-vi-la
acvilin,adjectiv,"['ac', 'vi', 'lín']",ac-vi-lín
acvilon,substantiv,"['ac', 'vi', 'lón']",ac-vi-lón
acvitanian,adjectiv,"['ac', 'vi', 'ta', 'ni', 'án']",ac-vi-ta-ni-án
ada,substantiv,[],not-found
adagiu,substantiv,"['a', 'dá', 'giu']",a-dá-giu
adălmaș,substantiv,[],not-found
adamant,substantiv,"['a', 'da', 'mánt']",a-da-mánt
adamantin,adjectiv,"['a', 'da', 'man', 'tín']",a-da-man-tín
adamantină,substantiv,"['a', 'da', 'man', 'tí', 'na']",a-da-man-tí-na
adamască,substantiv,"['a', 'da', 'más', 'ca']",a-da-más-ca
adamic,adjectiv,[],not-found
adamism,substantiv,"['a', 'da', 'mísm']",a-da-mísm
adamistă,substantiv,[],not-found
adamit,substantiv,"['a', 'da', 'mít']",a-da-mít
adamitic,adjectiv,"['a', 'da', 'mí', 'tic']",a-da-mí-tic
adamsită,substantiv,"['a', 'dam', 'sí', 'ta']",a-dam-sí-ta
adânc,adjectiv,"['a', 'dấnc']",a-dấnc
adânc,substantiv,"['a', 'dấnc']",a-dấnc
adânca,verb,"['a', 'dấn', 'că']",a-dấn-că
adâncat,adjectiv,"['a', 'dân', 'cát']",a-dân-cát
adâncătură,substantiv,[],not-found
adânci,verb,"['a', 'dân', 'cí', '(verb', '-', 'infinitiv', '/', 'verb', '-', 'perfectul', 'simplu)']",a-dân-cí-(verb---infinitiv-/-verb---perfectul-simplu)
adâncime,substantiv,"['a', 'dân', 'cí', 'me']",a-dân-cí-me
adâncire,substantiv,"['a', 'dân', 'cí', 're']",a-dân-cí-re
adâncit,adjectiv,"['a', 'dân', 'cít']",a-dân-cít
adâncit,substantiv,"['a', 'dân', 'cít']",a-dân-cít
adâncitor,substantiv,"['a', 'dân', 'ci', 'tór']",a-dân-ci-tór
adâncitură,substantiv,"['a', 'dân', 'ci', 'tú', 'ra']",a-dân-ci-tú-ra
adâncos,adjectiv,"['a', 'dân', 'cós']",a-dân-cós
adăoga,verb,[],not-found
adăogare,substantiv,[],not-found
adăogat,adjectiv,[],not-found
adaoge,verb,[],not-found
adăogi,verb,[],not-found
adăogire,substantiv,[],not-found
adăogit,adjectiv,[],not-found
adaos,adjectiv,"['a', 'dá', 'os']",a-dá-os
adaos,substantiv,"['a', 'dá', 'os']",a-dá-os
adăpa,verb,"['a', 'dá', 'pă']",a-dá-pă
adăpare,substantiv,"['a', 'dă', 'pá', 're']",a-dă-pá-re
adăpat,adjectiv,"['a', 'dă', 'pát']",a-dă-pát
adăpat,substantiv,"['a', 'dă', 'pát']",a-dă-pát
adăpătoare,substantiv,"['a', 'dă', 'pă', 'toá', 're']",a-dă-pă-toá-re
adăpost,substantiv,"['a', 'dă', 'póst']",a-dă-póst
adăposti,verb,"['a', 'dă', 'pos', 'tí']",a-dă-pos-tí
adăpostire,substantiv,"['a', 'dă', 'pos', 'tí', 're']",a-dă-pos-tí-re
adăpostit,adjectiv,"['a', 'dă', 'pos', 'tít']",a-dă-pos-tít
adăpostit,substantiv,"['a', 'dă', 'pos', 'tít']",a-dă-pos-tít
adapta,verb,"['a', 'dap', 'tá']",a-dap-tá
adaptabil,adjectiv,"['a', 'dap', 'tá', 'bil']",a-dap-tá-bil
adaptabilitate,substantiv,"['a', 'dap', 'ta', 'bi', 'li', 'tá', 'te']",a-dap-ta-bi-li-tá-te
adaptare,substantiv,"['a', 'dap', 'tá', 're']",a-dap-tá-re
adaptat,adjectiv,"['a', 'dap', 'tát']",a-dap-tát
adaptat,substantiv,"['a', 'dap', 'tát']",a-dap-tát
adaptație,substantiv,"['a', 'dap', 'tá', 'ţi', 'e']",a-dap-tá-ţi-e
adaptativ,adjectiv,"['a', 'dap', 'ta', 'tív']",a-dap-ta-tív
adaptator,adjectiv,"['a', 'dap', 'ta', 'tór']",a-dap-ta-tór
adaptator,substantiv,"['a', 'dap', 'ta', 'tór']",a-dap-ta-tór
adaptiv,adjectiv,"['a', 'dap', 'tív']",a-dap-tív
adaptometrie,substantiv,[],not-found
adaptometru,substantiv,[],not-found
adaptor,substantiv,"['a', 'dap', 'tór']",a-dap-tór
adăsta,verb,"['a', 'dás', 'tă']",a-dás-tă
adăstare,substantiv,"['a', 'dăs', 'tá', 're']",a-dăs-tá-re
adăstat,adjectiv,"['a', 'dăs', 'tát']",a-dăs-tát
adăuga,verb,"['a', 'dá', 'u', 'gă']",a-dá-u-gă
adăugare,substantiv,"['a', 'dă', 'u', 'gá', 're']",a-dă-u-gá-re
adăugat,adjectiv,"['a', 'dă', 'u', 'gát']",a-dă-u-gát
adăugat,substantiv,"['a', 'dă', 'u', 'gát']",a-dă-u-gát
adăugi,verb,"['a', 'dá', 'ugi']",a-dá-ugi
adăugire,substantiv,[],not-found
adăugit,adjectiv,[],not-found
adaus,substantiv,[],not-found
adaxial,adjectiv,"['a', 'da', 'xi', 'ál']",a-da-xi-ál
addendă,substantiv,"['ad', 'dén', 'da']",ad-dén-da
addendum,substantiv,[],not-found
adecuat,adjectiv,[],not-found
adecva,verb,"['a', 'dec', 'vá']",a-dec-vá
adecvare,substantiv,"['a', 'dec', 'vá', 're']",a-dec-vá-re
adecvat,adjectiv,"['a', 'dec', 'vát']",a-dec-vát
adecvație,substantiv,"['a', 'dec', 'vá', 'ţi', 'e']",a-dec-vá-ţi-e
ademeneală,substantiv,"['a', 'de', 'me', 'neá', 'la']",a-de-me-neá-la
ademeni,verb,"['a', 'de', 'me', 'ní']",a-de-me-ní
ademenire,substantiv,"['a', 'de', 'me', 'ní', 're']",a-de-me-ní-re
ademenit,adjectiv,"['a', 'de', 'me', 'nít']",a-de-me-nít
ademenit,substantiv,"['a', 'de', 'me', 'nít']",a-de-me-nít
ademenitoare,substantiv,"['a', 'de', 'me', 'ni', 'toá', 're']",a-de-me-ni-toá-re
ademenitor,adjectiv,"['a', 'de', 'me', 'ni', 'tór']",a-de-me-ni-tór
ademenitor,substantiv,"['a', 'de', 'me', 'ni', 'tór']",a-de-me-ni-tór
adempțiune,substantiv,"['a', 'demp', 'ţi', 'ú', 'ne']",a-demp-ţi-ú-ne
adenectomie,substantiv,[],not-found
adenie,substantiv,[],not-found
adenină,substantiv,"['a', 'de', 'ní', 'na']",a-de-ní-na
adenită,substantiv,"['a', 'de', 'ní', 'ta']",a-de-ní-ta
adenocarcinom,substantiv,"['a', 'de', 'no', 'car', 'ci', 'nóm']",a-de-no-car-ci-nóm
adenofibrom,substantiv,"['a', 'de', 'no', 'fi', 'bróm']",a-de-no-fi-bróm
adenogramă,substantiv,[],not-found
adenohipofiză,substantiv,"['a', 'de', 'no', 'hi', 'po', 'fí', 'za']",a-de-no-hi-po-fí-za
adenoid,adjectiv,"['a', 'de', 'no', 'íd']",a-de-no-íd
adenoidectomie,substantiv,[],not-found
adenoidism,substantiv,"['a', 'de', 'no', 'i', 'dísm']",a-de-no-i-dísm
adenoidită,substantiv,"['a', 'de', 'no', 'i', 'dí', 'ta']",a-de-no-i-dí-ta
adenom,substantiv,"['a', 'de', 'nóm']",a-de-nóm
adenomatoză,substantiv,[],not-found
adenomectomie,substantiv,[],not-found
adenomegalie,substantiv,[],not-found
adenopatie,substantiv,"['a', 'de', 'no', 'pa', 'tí', 'e']",a-de-no-pa-tí-e
adenoviroză,substantiv,"['a', 'de', 'no', 'vi', 'ró', 'za']",a-de-no-vi-ró-za
adenozină,substantiv,[],not-found
adept,substantiv,"['a', 'dépt']",a-dépt
adeptă,substantiv,"['a', 'dép', 'tă']",a-dép-tă
adera,verb,"['a', 'de', 'rá']",a-de-rá
aderare,substantiv,"['a', 'de', 'rá', 're']",a-de-rá-re
aderat,adjectiv,"['a', 'de', 'rát']",a-de-rát
aderat,substantiv,"['a', 'de', 'rát']",a-de-rát
aderent,adjectiv,"['a', 'de', 'rént']",a-de-rént
aderentă,substantiv,"['a', 'de', 'rén', 'tă']",a-de-rén-tă
aderență,substantiv,"['a', 'de', 'rén', 'tă']",a-de-rén-tă
adermină,substantiv,"['a', 'der', 'mí', 'na']",a-der-mí-na
adet,substantiv,[],not-found
adevăr-adevărat,substantiv,[],not-found
adevăr,substantiv,"['a', 'de', 'vắr']",a-de-vắr
adevăra,verb,[],not-found
adevărare,substantiv,[],not-found
adevărat,adjectiv,"['a', 'de', 'vă', 'rát']",a-de-vă-rát
adeveri,verb,"['a', 'de', 've', 'rí']",a-de-ve-rí
adeverință,substantiv,"['a', 'de', 've', 'rín', 'ţa']",a-de-ve-rín-ţa
adeverire,substantiv,"['a', 'de', 've', 'rí', 're']",a-de-ve-rí-re
adeverit,adjectiv,"['a', 'de', 've', 'rít']",a-de-ve-rít
adeverit,substantiv,"['a', 'de', 've', 'rít']",a-de-ve-rít
adeveritoare,substantiv,"['a', 'de', 've', 'ri', 'toá', 're']",a-de-ve-ri-toá-re
adeveritor,adjectiv,"['a', 'de', 've', 'ri', 'tór']",a-de-ve-ri-tór
adeveritor,substantiv,"['a', 'de', 've', 'ri', 'tór']",a-de-ve-ri-tór
adeziune,substantiv,"['a', 'de', 'zi', 'ú', 'ne']",a-de-zi-ú-ne
adeziv,adjectiv,"['a', 'de', 'zív']",a-de-zív
adeziv,substantiv,"['a', 'de', 'zív']",a-de-zív
adezivitate,substantiv,"['a', 'de', 'zi', 'vi', 'tá', 'te']",a-de-zi-vi-tá-te
adhocrație,substantiv,"['ad', 'ho', 'cra', 'ţí', 'e']",ad-ho-cra-ţí-e
adia,verb,"['a', 'di', 'á']",a-di-á
adiabată,substantiv,"['a', 'di', 'a', 'bá', 'ta']",a-di-a-bá-ta
adiabatic,adjectiv,"['a', 'di', 'a', 'bá', 'tic']",a-di-a-bá-tic
adiacent,adjectiv,"['a', 'di', 'a', 'cént']",a-di-a-cént
adiacență,substantiv,"['a', 'di', 'a', 'cén', 'tă']",a-di-a-cén-tă
adiafor,adjectiv,[],not-found
adiaforie,substantiv,"['a', 'dia', 'fo', 'rí', 'e']",a-dia-fo-rí-e
adiaforisi,verb,[],not-found
adiat,adjectiv,"['a', 'di', 'át']",a-di-át
adiată,substantiv,"['a', 'di', 'á', 'tă']",a-di-á-tă
adicție,substantiv,"['a', 'díc', 'ţi', 'e']",a-díc-ţi-e
adidas,substantiv,"['a', 'dí', 'das']",a-dí-das
adiere,substantiv,"['a', 'di', 'é', 're']",a-di-é-re
adimeni,verb,[],not-found
adimenire,substantiv,[],not-found
adimensional,adjectiv,"['a', 'di', 'men', 'sio', 'nál']",a-di-men-sio-nál
adinamic,adjectiv,"['a', 'di', 'ná', 'mic']",a-di-ná-mic
adinamie,substantiv,"['a', 'di', 'na', 'mí', 'e']",a-di-na-mí-e
adio,substantiv,"['a', 'dío']",a-dío
adipic,adjectiv,"['a', 'dí', 'pic']",a-dí-pic
adipocit,substantiv,[],not-found
adipogeneză,substantiv,"['a', 'di', 'po', 'ge', 'né', 'za']",a-di-po-ge-né-za
adipos,adjectiv,"['a', 'di', 'pós']",a-di-pós
adipozitate,substantiv,"['a', 'di', 'po', 'zi', 'tá', 'te']",a-di-po-zi-tá-te
adipsie,substantiv,"['a', 'dip', 'sí', 'e']",a-dip-sí-e
adiție,substantiv,"['a', 'dí', 'ţi', 'e']",a-dí-ţi-e
adiționa,verb,"['a', 'di', 'ţi', 'o', 'ná']",a-di-ţi-o-ná
adițional,adjectiv,"['a', 'di', 'ţi', 'o', 'nál']",a-di-ţi-o-nál
adiționare,substantiv,"['a', 'di', 'ţi', 'o', 'ná', 're']",a-di-ţi-o-ná-re
adiționat,adjectiv,"['a', 'di', 'ţi', 'o', 'nát']",a-di-ţi-o-nát
adițiune,substantiv,[],not-found
aditiv,adjectiv,"['a', 'di', 'tív']",a-di-tív
aditiv,substantiv,"['a', 'di', 'tív']",a-di-tív
aditivitate,substantiv,"['a', 'di', 'ti', 'vi', 'tá', 'te']",a-di-ti-vi-tá-te
adjectiv,substantiv,"['ad', 'jec', 'tív']",ad-jec-tív
adjectiva,verb,"['ad', 'jec', 'ti', 'vá']",ad-jec-ti-vá
adjectival,adjectiv,"['ad', 'jec', 'ti', 'vál']",ad-jec-ti-vál
adjectivare,substantiv,"['ad', 'jec', 'ti', 'vá', 're']",ad-jec-ti-vá-re
adjectivat,adjectiv,"['ad', 'jec', 'ti', 'vát']",ad-jec-ti-vát
adjectiviza,verb,"['ad', 'jec', 'ti', 'vi', 'zá']",ad-jec-ti-vi-zá
adjectivizare,substantiv,"['ad', 'jec', 'ti', 'vi', 'zá', 're']",ad-jec-ti-vi-zá-re
adjectivizat,adjectiv,"['ad', 'jec', 'ti', 'vi', 'zát']",ad-jec-ti-vi-zát
adjoncțiune,substantiv,"['ad', 'jonc', 'ţiú', 'ne']",ad-jonc-ţiú-ne
adjudeca,verb,"['ad', 'ju', 'de', 'cá']",ad-ju-de-cá
adjudecare,substantiv,"['ad', 'ju', 'de', 'cá', 're']",ad-ju-de-cá-re
adjudecat,adjectiv,"['ad', 'ju', 'de', 'cát']",ad-ju-de-cát
adjudecat,substantiv,"['ad', 'ju', 'de', 'cát']",ad-ju-de-cát
adjudecatar,substantiv,"['ad', 'ju', 'de', 'ca', 'tár']",ad-ju-de-ca-tár
adjudecatară,substantiv,"['ad', 'ju', 'de', 'ca', 'tá', 'ra']",ad-ju-de-ca-tá-ra
adjudecație,substantiv,"['ad', 'ju', 'de', 'cá', 'ţi', 'e']",ad-ju-de-cá-ţi-e
adjudecațiune,substantiv,[],not-found
adjudecătoare,substantiv,"['ad', 'ju', 'de', 'că', 'toá', 're']",ad-ju-de-că-toá-re
adjudecător,adjectiv,"['ad', 'ju', 'de', 'că', 'tór']",ad-ju-de-că-tór
adjudecător,substantiv,"['ad', 'ju', 'de', 'că', 'tór']",ad-ju-de-că-tór
adjunct,adjectiv,"['ad', 'júnc', 't']",ad-júnc-t
adjunct,substantiv,"['ad', 'júnc', 't']",ad-júnc-t
adjunctă,substantiv,"['ad', 'júnc', 'tă']",ad-júnc-tă
adjutant,substantiv,"['ad', 'ju', 'tánt']",ad-ju-tánt
adjutantură,substantiv,"['ad', 'ju', 'tan', 'tú', 'ra']",ad-ju-tan-tú-ra
adjuvant,adjectiv,"['ad', 'ju', 'vánt']",ad-ju-vánt
adjuvant,substantiv,"['ad', 'ju', 'vánt']",ad-ju-vánt
administra,verb,"['ad', 'mi', 'nis', 'trá']",ad-mi-nis-trá
administrabil,adjectiv,"['ad', 'mi', 'nis', 'trá', 'bil']",ad-mi-nis-trá-bil
administrare,substantiv,"['ad', 'mi', 'nis', 'trá', 're']",ad-mi-nis-trá-re
administrat,adjectiv,"['ad', 'mi', 'nis', 'trát']",ad-mi-nis-trát
administrată,substantiv,"['ad', 'mi', 'nis', 'trá', 'tă']",ad-mi-nis-trá-tă
administrație,substantiv,"['ad', 'mi', 'nis', 'trá', 'ţi', 'e']",ad-mi-nis-trá-ţi-e
administrațiune,substantiv,[],not-found
administrativ-teritorial,adjectiv,[],not-found
administrativ,adjectiv,"['ad', 'mi', 'nis', 'tra', 'tív']",ad-mi-nis-tra-tív
administratoare,substantiv,"['ad', 'mi', 'nis', 'tra', 'toá', 're']",ad-mi-nis-tra-toá-re
administrator-contabil,substantiv,[],not-found
administrator,substantiv,"['ad', 'mi', 'nis', 'tra', 'tór']",ad-mi-nis-tra-tór
admira,verb,"['ad', 'mi', 'rá']",ad-mi-rá
admirabil,adjectiv,"['ad', 'mi', 'rá', 'bil']",ad-mi-rá-bil
admirare,substantiv,"['ad', 'mi', 'rá', 're']",ad-mi-rá-re
admirat,adjectiv,"['ad', 'mi', 'rát']",ad-mi-rát
admirat,substantiv,"['ad', 'mi', 'rát']",ad-mi-rát
admirație,substantiv,"['ad', 'mi', 'rá', 'ţi', 'e']",ad-mi-rá-ţi-e
admirațiune,substantiv,[],not-found
admirativ,adjectiv,"['ad', 'mi', 'ra', 'tív']",ad-mi-ra-tív
admiratoare,substantiv,"['ad', 'mi', 'ra', 'toá', 're']",ad-mi-ra-toá-re
admirator,adjectiv,"['ad', 'mi', 'ra', 'tór']",ad-mi-ra-tór
admirator,substantiv,"['ad', 'mi', 'ra', 'tór']",ad-mi-ra-tór
admis,adjectiv,"['ad', 'mís']",ad-mís
admis,substantiv,"['ad', 'mís']",ad-mís
admisă,substantiv,"['ad', 'mí', 'să']",ad-mí-să
admisibil,adjectiv,"['ad', 'mi', 'sí', 'bil']",ad-mi-sí-bil
admisibilitate,substantiv,"['ad', 'mi', 'si', 'bi', 'li', 'tá', 'te']",ad-mi-si-bi-li-tá-te
admisie,substantiv,[],not-found
admisiune,substantiv,"['ad', 'mi', 'si', 'ú', 'ne']",ad-mi-si-ú-ne
admitant,adjectiv,[],not-found
admitanță,substantiv,"['ad', 'mi', 'tán', 'ţa']",ad-mi-tán-ţa
admite,verb,"['ad', 'mí', 'te']",ad-mí-te
admitere,substantiv,"['ad', 'mí', 'te', 're']",ad-mí-te-re
admonesta,verb,"['ad', 'mo', 'nes', 'tá']",ad-mo-nes-tá
admonestare,substantiv,"['ad', 'mo', 'nes', 'tá', 're']",ad-mo-nes-tá-re
admonestat,adjectiv,"['ad', 'mo', 'nes', 'tát']",ad-mo-nes-tát
admonestat,substantiv,"['ad', 'mo', 'nes', 'tát']",ad-mo-nes-tát
admonestație,substantiv,"['ad', 'mo', 'nes', 'tá', 'ţi', 'e']",ad-mo-nes-tá-ţi-e
admonițiune,substantiv,"['ad', 'mo', 'ni', 'ţi', 'ú', 'ne']",ad-mo-ni-ţi-ú-ne
admonitiv,adjectiv,"['ad', 'mo', 'ni', 'tív']",ad-mo-ni-tív
adnat,adjectiv,"['ad', 'nát']",ad-nát
adnominal,adjectiv,"['ad', 'no', 'mi', 'nál']",ad-no-mi-nál
adnota,verb,"['ad', 'no', 'tá']",ad-no-tá
adnotare,substantiv,"['ad', 'no', 'tá', 're']",ad-no-tá-re
adnotat,adjectiv,"['ad', 'no', 'tát']",ad-no-tát
adnotat,substantiv,"['ad', 'no', 'tát']",ad-no-tát
adnotație,substantiv,"['ad', 'no', 'tá', 'ţi', 'e']",ad-no-tá-ţi-e
adnotațiune,substantiv,[],not-found
adnotator,adjectiv,"['ad', 'no', 'ta', 'tór']",ad-no-ta-tór
adogmatic,substantiv,"['a', 'dog', 'má', 'tic']",a-dog-má-tic
adogmatică,substantiv,"['a', 'dog', 'má', 'ti', 'că']",a-dog-má-ti-că
adolescent,adjectiv,[],not-found
adolescent,substantiv,[],not-found
adolescentă,substantiv,"['a', 'do', 'les', 'cén', 'ta']",a-do-les-cén-ta
adolescență,substantiv,"['a', 'do', 'les', 'cén', 'ta']",a-do-les-cén-ta
adolescentin,adjectiv,"['a', 'do', 'les', 'cen', 'tín']",a-do-les-cen-tín
adolescentinism,substantiv,"['a', 'do', 'les', 'cen', 'ti', 'nísm']",a-do-les-cen-ti-nísm
adonic,adjectiv,"['a', 'dó', 'nic']",a-dó-nic
adonis,substantiv,"['a', 'dó', 'nis']",a-dó-nis
adopta,verb,"['a', 'dop', 'tá']",a-dop-tá
adoptabil,adjectiv,"['a', 'dop', 'tá', 'bil']",a-dop-tá-bil
adoptant,adjectiv,"['a', 'dop', 'tánt']",a-dop-tánt
adoptare,substantiv,"['a', 'dop', 'tá', 're']",a-dop-tá-re
adoptat,adjectiv,"['a', 'dop', 'tát']",a-dop-tát
adoptat,substantiv,"['a', 'dop', 'tát']",a-dop-tát
adoptată,substantiv,"['a', 'dop', 'tá', 'tă']",a-dop-tá-tă
adoptatoare,substantiv,"['a', 'dop', 'ta', 'toá', 're']",a-dop-ta-toá-re
adoptator,adjectiv,"['a', 'dop', 'ta', 'tór']",a-dop-ta-tór
adoptator,substantiv,"['a', 'dop', 'ta', 'tór']",a-dop-ta-tór
adopțianism,substantiv,[],not-found
adopție,substantiv,"['a', 'dóp', 'ţi', 'e']",a-dóp-ţi-e
adopțiune,substantiv,[],not-found
adoptiv,adjectiv,"['a', 'dop', 'tív']",a-dop-tív
adora,verb,"['a', 'do', 'rá']",a-do-rá
adorabil,adjectiv,"['a', 'do', 'rá', 'bil']",a-do-rá-bil
adorant,adjectiv,"['a', 'do', 'ránt']",a-do-ránt
adorare,substantiv,"['a', 'do', 'rá', 're']",a-do-rá-re
adorat,adjectiv,"['a', 'do', 'rát']",a-do-rát
adorat,substantiv,"['a', 'do', 'rát']",a-do-rát
adorație,substantiv,"['a', 'do', 'rá', 'ţi', 'e']",a-do-rá-ţi-e
adorațiune,substantiv,[],not-found
adoratoare,substantiv,"['a', 'do', 'ra', 'toá', 're']",a-do-ra-toá-re
adorator,substantiv,"['a', 'do', 'ra', 'tór']",a-do-ra-tór
adormi,verb,"['a', 'dor', 'mí', '(verb', '-', 'infinitiv', '/', 'verb', '-', 'perfectul', 'simplu)']",a-dor-mí-(verb---infinitiv-/-verb---perfectul-simplu)
adormire,substantiv,"['a', 'dor', 'mí', 're']",a-dor-mí-re
adormit,adjectiv,"['a', 'dor', 'mít']",a-dor-mít
adormit,substantiv,"['a', 'dor', 'mít']",a-dor-mít
adormită,substantiv,"['a', 'dor', 'mí', 'tă']",a-dor-mí-tă
adormitoare,substantiv,"['a', 'dor', 'mi', 'toá', 're']",a-dor-mi-toá-re
adormitor,substantiv,"['a', 'dor', 'mi', 'tór']",a-dor-mi-tór
adosat,adjectiv,"['a', 'do', 'sát']",a-do-sát
adragant,substantiv,"['a', 'dra', 'gánt']",a-dra-gánt
adrenalină,substantiv,"['a', 'dre', 'na', 'lí', 'na']",a-dre-na-lí-na
adrenalinemie,substantiv,[],not-found
adrenergic,adjectiv,"['a', 'dre', 'nér', 'gic']",a-dre-nér-gic
adrenocorticotrop,substantiv,[],not-found
adresă,substantiv,"['a', 'dre', 'sá', '(verb', '-', 'infinitiv', '/', 'verb', '-', 'imperfect)']",a-dre-sá-(verb---infinitiv-/-verb---imperfect)
adresa,verb,"['a', 'dre', 'sá', '(verb', '-', 'infinitiv', '/', 'verb', '-', 'imperfect)']",a-dre-sá-(verb---infinitiv-/-verb---imperfect)
adresabil,adjectiv,"['a', 'dre', 'sá', 'bil']",a-dre-sá-bil
adresabilitate,substantiv,"['a', 'dre', 'sa', 'bi', 'li', 'tá', 'te']",a-dre-sa-bi-li-tá-te
adresant,substantiv,"['a', 'dre', 'sánt']",a-dre-sánt
adresantă,substantiv,"['a', 'dre', 'sán', 'ta']",a-dre-sán-ta
adresare,substantiv,"['a', 'dre', 'sá', 're']",a-dre-sá-re
adresat,adjectiv,"['a', 'dre', 'sát']",a-dre-sát
adsorbant,adjectiv,"['ad', 'sor', 'bánt']",ad-sor-bánt
adsorbant,substantiv,"['ad', 'sor', 'bánt']",ad-sor-bánt
adsorbat,substantiv,"['ad', 'sor', 'bát']",ad-sor-bát
adsorbi,verb,"['ad', 'sor', 'bí', '(verb', '-', 'infinitiv', '/', 'verb', '-', 'perfectul', 'simplu)']",ad-sor-bí-(verb---infinitiv-/-verb---perfectul-simplu)
adsorbit,adjectiv,"['ad', 'sor', 'bít']",ad-sor-bít
adsorbție,substantiv,"['ad', 'sórb', 'ţi', 'e']",ad-sórb-ţi-e
adstrat,substantiv,"['ad', 'strát']",ad-strát
aducător,adjectiv,"['a', 'du', 'că', 'tór']",a-du-că-tór
aducător,substantiv,"['a', 'du', 'că', 'tór']",a-du-că-tór
aduce,verb,"['a', 'dú', 'ce']",a-dú-ce
aducere-aminte,substantiv,"['a', 'dú', 'ce', 're', 'a', 'mín', 'te']",a-dú-ce-re-a-mín-te
aducere,substantiv,"['a', 'dú', 'ce', 're']",a-dú-ce-re
aduct,substantiv,"['a', 'dúct']",a-dúct
aducție,substantiv,"['a', 'dúc', 'ţi', 'e']",a-dúc-ţi-e
aducțiune,substantiv,[],not-found
aductor,adjectiv,"['a', 'duc', 'tór']",a-duc-tór
aductor,substantiv,"['a', 'duc', 'tór']",a-duc-tór
adula,verb,"['a', 'du', 'lá']",a-du-lá
adular,substantiv,"['a', 'du', 'lár']",a-du-lár
adulare,substantiv,"['a', 'du', 'lá', 're']",a-du-lá-re
adulat,adjectiv,"['a', 'du', 'lát']",a-du-lát
adulat,substantiv,"['a', 'du', 'lát']",a-du-lát
adulată,substantiv,"['a', 'du', 'lá', 'tă']",a-du-lá-tă
adulație,substantiv,"['a', 'du', 'lá', 'ţi', 'e']",a-du-lá-ţi-e
adulațiune,substantiv,[],not-found
adulatoare,substantiv,"['a', 'du', 'la', 'toá', 're']",a-du-la-toá-re
adulator,adjectiv,"['a', 'du', 'la', 'tór']",a-du-la-tór
adulator,substantiv,"['a', 'du', 'la', 'tór']",a-du-la-tór
adulmeca,verb,"['a', 'dul', 'me', 'cá']",a-dul-me-cá
adulmecare,substantiv,"['a', 'dul', 'me', 'cá', 're']",a-dul-me-cá-re
adulmecat,adjectiv,"['a', 'dul', 'me', 'cát']",a-dul-me-cát
adulmecat,substantiv,"['a', 'dul', 'me', 'cát']",a-dul-me-cát
adulmecător,adjectiv,"['a', 'dul', 'me', 'că', 'tór']",a-dul-me-că-tór
adult,adjectiv,"['a', 'dúlt']",a-dúlt
adult,substantiv,"['a', 'dúlt']",a-dúlt
adultă,substantiv,"['a', 'dúl', 'tă']",a-dúl-tă
adulter,adjectiv,"['a', 'dúl', 'ter']",a-dúl-ter
adulter,substantiv,"['a', 'dúl', 'ter']",a-dúl-ter
adultera,verb,"['a', 'dul', 'te', 'rá']",a-dul-te-rá
adulterare,substantiv,"['a', 'dul', 'te', 'rá', 're']",a-dul-te-rá-re
adulterat,adjectiv,"['a', 'dul', 'te', 'rát']",a-dul-te-rát
adulterin,adjectiv,"['a', 'dul', 'te', 'rín']",a-dul-te-rín
adumbri,verb,"['a', 'dum', 'brí']",a-dum-brí
adumbrire,substantiv,[],not-found
adumbrit,adjectiv,"['a', 'dum', 'brít']",a-dum-brít
adumbrit,substantiv,"['a', 'dum', 'brít']",a-dum-brít
aduna,verb,"['a', 'du', 'ná']",a-du-ná
adunare,substantiv,"['a', 'du', 'ná', 're']",a-du-ná-re
adunat,adjectiv,"['a', 'du', 'nát']",a-du-nát
adunat,substantiv,"['a', 'du', 'nát']",a-du-nát
adunătoare,substantiv,"['a', 'du', 'nă', 'toá', 're']",a-du-nă-toá-re
adunător,adjectiv,"['a', 'du', 'nă', 'tór']",a-du-nă-tór
adunător,substantiv,"['a', 'du', 'nă', 'tór']",a-du-nă-tór
adunătură,substantiv,"['a', 'du', 'nă', 'tú', 'ra']",a-du-nă-tú-ra
adunc,adjectiv,"['a', 'dúnc']",a-dúnc
aduncat,adjectiv,"['a', 'dun', 'cát']",a-dun-cát
adurmeca,verb,[],not-found
adurmecare,substantiv,[],not-found
adus,adjectiv,"['a', 'dús']",a-dús
advecție,substantiv,"['ad', 'véc', 'ţi', 'e']",ad-véc-ţi-e
advectiv,adjectiv,"['ad', 'vec', 'tív']",ad-vec-tív
advent,substantiv,[],not-found
adventice,substantiv,"['ad', 'ven', 'tí', 'ce']",ad-ven-tí-ce
adventism,substantiv,"['ad', 'ven', 'tísm']",ad-ven-tísm
adventist,adjectiv,"['ad', 'ven', 'tíst']",ad-ven-tíst
adventiv,adjectiv,"['ad', 'ven', 'tív']",ad-ven-tív
adverb,substantiv,"['ad', 'vérb']",ad-vérb
adverbial,adjectiv,"['ad', 'ver', 'bi', 'ál']",ad-ver-bi-ál
adverbializa,verb,"['ad', 'ver', 'bi', 'a', 'li', 'zá']",ad-ver-bi-a-li-zá
adverbializare,substantiv,"['ad', 'ver', 'bia', 'li', 'zá', 're']",ad-ver-bia-li-zá-re
adverbializat,adjectiv,"['ad', 'ver', 'bi', 'a', 'li', 'zát']",ad-ver-bi-a-li-zát
advers,adjectiv,"['ad', 'vérs']",ad-vérs
adversar,substantiv,"['ad', 'ver', 'sár']",ad-ver-sár
adversară,substantiv,"['ad', 'ver', 'sá', 'ra']",ad-ver-sá-ra
adversativ,adjectiv,"['ad', 'ver', 'sa', 'tív']",ad-ver-sa-tív
adversitate,substantiv,"['ad', 'ver', 'si', 'tá', 'te']",ad-ver-si-tá-te
advertising,substantiv,[],not-found
advocat,adjectiv,[],not-found
advocatură,substantiv,[],not-found
advon,substantiv,"['ad', 'vón']",ad-vón
aed,substantiv,"['a', 'éd']",a-éd
aediculă,substantiv,[],not-found
aer,substantiv,"['á', 'er']",á-er
aera,verb,"['a', 'e', 'rá']",a-e-rá
aeraj,substantiv,"['a', 'e', 'ráj']",a-e-ráj
aerare,substantiv,"['a', 'e', 'rá', 're']",a-e-rá-re
aerarium,substantiv,"['a', 'e', 'rá', 'ri', 'um']",a-e-rá-ri-um
aerat,adjectiv,"['a', 'e', 'rát']",a-e-rát
aerație,substantiv,"['a', 'e', 'rá', 'ţi', 'e']",a-e-rá-ţi-e
aerator,substantiv,"['a', 'e', 'ra', 'tór']",a-e-ra-tór
aeraulică,substantiv,"['a', 'e', 'ra', 'ú', 'li', 'ca']",a-e-ra-ú-li-ca
aerian,adjectiv,"['a', 'e', 'ri', 'án']",a-e-ri-án
aeric,adjectiv,[],not-found
aerifer,adjectiv,"['a', 'e', 'ri', 'fér']",a-e-ri-fér
aeriform,adjectiv,"['a', 'e', 'ri', 'fórm']",a-e-ri-fórm
aerisi,verb,"['a', 'e', 'ri', 'sí']",a-e-ri-sí
aerisire,substantiv,"['a', 'e', 'ri', 'sí', 're']",a-e-ri-sí-re
aerisit,adjectiv,"['a', 'e', 'ri', 'sít']",a-e-ri-sít
aerlift,substantiv,"['a', 'er', 'líft']",a-er-líft
aeroambulanță,substantiv,[],not-found
aerob,adjectiv,"['a', 'e', 'rób']",a-e-rób
aerobază,substantiv,[],not-found
aerobic,adjectiv,"['a', 'e', 'ró', 'bic']",a-e-ró-bic
aerobiologie,substantiv,"['a', 'e', 'ro', 'bio', 'lo', 'gí', 'e']",a-e-ro-bio-lo-gí-e
aerobiotic,adjectiv,"['a', 'e', 'ro', 'bi', 'ó', 'tic']",a-e-ro-bi-ó-tic
aerobioză,substantiv,"['a', 'e', 'ro', 'bi', 'ó', 'za']",a-e-ro-bi-ó-za
aerobus,substantiv,[],not-found
aerobuz,substantiv,"['a', 'e', 'ro', 'búz']",a-e-ro-búz
aerocartografie,substantiv,"['a', 'e', 'ro', 'car', 'to', 'gra', 'fí', 'e']",a-e-ro-car-to-gra-fí-e
aeroclub,substantiv,"['a', 'e', 'ro', 'clúb']",a-e-ro-clúb
aerocolie,substantiv,"['a', 'e', 'ro', 'co', 'lí', 'e']",a-e-ro-co-lí-e
aerocosmic,adjectiv,"['a', 'e', 'ro', 'cós', 'mic']",a-e-ro-cós-mic
aerodină,substantiv,"['a', 'e', 'ro', 'dí', 'na']",a-e-ro-dí-na
aerodinamic,adjectiv,"['a', 'e', 'ro', 'di', 'ná', 'mic']",a-e-ro-di-ná-mic
aerodinamică,substantiv,"['a', 'e', 'ro', 'di', 'ná', 'mi', 'ca']",a-e-ro-di-ná-mi-ca
aerodinamician,adjectiv,"['a', 'e', 'ro', 'di', 'na', 'mi', 'ci', 'án']",a-e-ro-di-na-mi-ci-án
aerodinamicitate,substantiv,"['a', 'e', 'ro', 'di', 'na', 'mi', 'ci', 'tá', 'te']",a-e-ro-di-na-mi-ci-tá-te
aerodrom,substantiv,"['a', 'e', 'ro', 'dróm']",a-e-ro-dróm
aeroduct,substantiv,"['a', 'e', 'ro', 'dúct']",a-e-ro-dúct
aeroelasticitate,substantiv,"['a', 'e', 'ro', 'e', 'las', 'ti', 'ci', 'tá', 'te']",a-e-ro-e-las-ti-ci-tá-te
aeroelectronică,substantiv,"['a', 'e', 'ro', 'e', 'lec', 'tró', 'ni', 'ca']",a-e-ro-e-lec-tró-ni-ca
aerofagie,substantiv,"['a', 'e', 'ro', 'fa', 'gí', 'e']",a-e-ro-fa-gí-e
aerofilatelic,adjectiv,"['a', 'e', 'ro', 'fi', 'la', 'té', 'lic']",a-e-ro-fi-la-té-lic
aerofilatelie,substantiv,"['a', 'e', 'ro', 'fi', 'la', 'te', 'lí', 'e']",a-e-ro-fi-la-te-lí-e
aerofobie,substantiv,"['a', 'e', 'ro', 'fo', 'bí', 'e']",a-e-ro-fo-bí-e
aerofon,adjectiv,"['a', 'e', 'ro', 'fón']",a-e-ro-fón
aerofor,substantiv,"['a', 'e', 'ro', 'fór']",a-e-ro-fór
aerofotografic,adjectiv,"['a', 'e', 'ro', 'fo', 'to', 'grá', 'fic']",a-e-ro-fo-to-grá-fic
aerofotografie,substantiv,"['a', 'e', 'ro', 'fo', 'to', 'gra', 'fí', 'e']",a-e-ro-fo-to-gra-fí-e
aerofotogramă,substantiv,"['a', 'e', 'ro', 'fo', 'to', 'grá', 'ma']",a-e-ro-fo-to-grá-ma
aerofotogrammetrie,substantiv,"['a', 'e', 'ro', 'fo', 'to', 'gram', 'me', 'trí', 'e']",a-e-ro-fo-to-gram-me-trí-e
aerogară,substantiv,"['a', 'e', 'ro', 'gá', 'ra']",a-e-ro-gá-ra
aerogen,adjectiv,"['a', 'e', 'ro', 'gén']",a-e-ro-gén
aerogenerator,substantiv,[],not-found
aeroglisor,substantiv,"['a', 'e', 'ro', 'gli', 'sór']",a-e-ro-gli-sór
aerograf,substantiv,"['a', 'e', 'ro', 'gráf']",a-e-ro-gráf
aerografie,substantiv,"['a', 'e', 'ro', 'gra', 'fí', 'e']",a-e-ro-gra-fí-e
aerogramă,substantiv,"['a', 'e', 'ro', 'grá', 'ma']",a-e-ro-grá-ma
aeroion,substantiv,"['a', 'e', 'ro', 'ión']",a-e-ro-ión
aeroionizare,substantiv,"['a', 'e', 'ro', 'io', 'ni', 'zá', 're']",a-e-ro-io-ni-zá-re
aeroionizator,substantiv,"['a', 'e', 'ro', 'io', 'ni', 'za', 'tór']",a-e-ro-io-ni-za-tór
aeroionoterapie,substantiv,"['a', 'e', 'ro', 'io', 'no', 'te', 'ra', 'pí', 'e']",a-e-ro-io-no-te-ra-pí-e
aerolit,substantiv,"['a', 'e', 'ro', 'lít']",a-e-ro-lít
aerologic,adjectiv,"['a', 'e', 'ro', 'ló', 'gic']",a-e-ro-ló-gic
aerologie,substantiv,"['a', 'e', 'ro', 'lo', 'gí', 'e']",a-e-ro-lo-gí-e
aeromaritim,adjectiv,"['a', 'e', 'ro', 'ma', 'rí', 'tim']",a-e-ro-ma-rí-tim
aeromecanică,substantiv,"['a', 'e', 'ro', 'me', 'cá', 'ni', 'ca']",a-e-ro-me-cá-ni-ca
aerometru,substantiv,"['a', 'e', 'ro', 'mé', 'tru']",a-e-ro-mé-tru
aeromobil,adjectiv,"['a', 'e', 'ro', 'mo', 'bíl']",a-e-ro-mo-bíl
aeromodel,substantiv,"['a', 'e', 'ro', 'mo', 'dél']",a-e-ro-mo-dél
aeromodelism,substantiv,"['a', 'e', 'ro', 'mo', 'de', 'lísm']",a-e-ro-mo-de-lísm
aeromodelist,adjectiv,"['a', 'e', 'ro', 'mo', 'de', 'líst']",a-e-ro-mo-de-líst
aeromotor,substantiv,"['a', 'e', 'ro', 'mo', 'tór']",a-e-ro-mo-tór
aeronaut,substantiv,"['a', 'e', 'ro', 'na', 'út']",a-e-ro-na-út
aeronaută,substantiv,"['a', 'e', 'ro', 'na', 'ú', 'ta']",a-e-ro-na-ú-ta
aeronautic,adjectiv,"['a', 'e', 'ro', 'na', 'ú', 'tic']",a-e-ro-na-ú-tic
aeronautică,substantiv,"['a', 'e', 'ro', 'na', 'ú', 'ti', 'ca']",a-e-ro-na-ú-ti-ca
aeronavă,substantiv,"['a', 'e', 'ro', 'ná', 'va']",a-e-ro-ná-va
aeronaval,adjectiv,"['a', 'e', 'ro', 'na', 'vál']",a-e-ro-na-vál
aeronavigant,adjectiv,"['a', 'e', 'ro', 'na', 'vi', 'gánt']",a-e-ro-na-vi-gánt
aeronavigație,substantiv,"['a', 'e', 'ro', 'na', 'vi', 'gá', 'ţi', 'e']",a-e-ro-na-vi-gá-ţi-e
aeronomie,substantiv,"['a', 'e', 'ro', 'no', 'mí', 'e']",a-e-ro-no-mí-e
aeroplan-automobil,substantiv,[],not-found
aeroplan,substantiv,"['a', 'e', 'ro', 'plán']",a-e-ro-plán
aeroport,substantiv,"['a', 'e', 'ro', 'pórt']",a-e-ro-pórt
aeroportuar,adjectiv,"['a', 'e', 'ro', 'por', 'tuár']",a-e-ro-por-tuár
aeropoștal,adjectiv,"['a', 'e', 'ro', 'poş', 'tál']",a-e-ro-poş-tál
aeropurtat,adjectiv,"['a', 'e', 'ro', 'pur', 'tát']",a-e-ro-pur-tát
aeroreactor,substantiv,"['a', 'e', 'ro', 're', 'ac', 'tór']",a-e-ro-re-ac-tór
aeros,adjectiv,"['a', 'e', 'rós']",a-e-rós
aerosol,substantiv,"['a', 'e', 'ro', 'sól']",a-e-ro-sól
aerosolizat,adjectiv,[],not-found
aerosoloterapie,substantiv,"['a', 'e', 'ro', 'so', 'lo', 'te', 'ra', 'pí', 'e']",a-e-ro-so-lo-te-ra-pí-e
aerospațial,adjectiv,"['a', 'e', 'ros', 'pa', 'ţi', 'ál']",a-e-ros-pa-ţi-ál
aerostat,substantiv,"['a', 'e', 'ros', 'tát']",a-e-ros-tát
aerostatic,adjectiv,"['a', 'e', 'ros', 'tá', 'tic']",a-e-ros-tá-tic
aerostatică,substantiv,"['a', 'e', 'ros', 'tá', 'ti', 'ca']",a-e-ros-tá-ti-ca
aerostație,substantiv,"['a', 'e', 'ros', 'tá', 'ţi', 'e']",a-e-ros-tá-ţi-e
aerostier,substantiv,"['a', 'e', 'ros', 'ti', 'ér']",a-e-ros-ti-ér
aerotaxi,substantiv,"['a', 'e', 'ro', 'ta', 'xí']",a-e-ro-ta-xí
aeroterapie,substantiv,"['a', 'e', 'ro', 'te', 'ra', 'pí', 'e']",a-e-ro-te-ra-pí-e
aeroterestru,adjectiv,"['a', 'e', 'ro', 'te', 'rés', 'tru']",a-e-ro-te-rés-tru
aerotermă,substantiv,"['a', 'e', 'ro', 'tér', 'ma']",a-e-ro-tér-ma
aerotransport,substantiv,"['a', 'e', 'ro', 'trans', 'pórt']",a-e-ro-trans-pórt
aerotren,substantiv,"['a', 'e', 'ro', 'trén']",a-e-ro-trén
aerotriangulație,substantiv,[],not-found
aerozină,substantiv,"['a', 'e', 'ro', 'zí', 'na']",a-e-ro-zí-na
afabil,adjectiv,"['a', 'fá', 'bil']",a-fá-bil
afabilitate,substantiv,"['a', 'fa', 'bi', 'li', 'tá', 'te']",a-fa-bi-li-tá-te
afabulație,substantiv,"['a', 'fa', 'bu', 'lá', 'ţi', 'e']",a-fa-bu-lá-ţi-e
afacere,substantiv,"['a', 'fá', 'ce', 're']",a-fá-ce-re
afacerism,substantiv,"['a', 'fa', 'ce', 'rísm']",a-fa-ce-rísm
afacerist,substantiv,"['a', 'fa', 'ce', 'ríst']",a-fa-ce-ríst
afaceristă,substantiv,"['a', 'fa', 'ce', 'rís', 'ta']",a-fa-ce-rís-ta
afachie,substantiv,[],not-found
afagie,substantiv,"['a', 'fa', 'gí', 'e']",a-fa-gí-e
afâna,verb,"['a', 'fâ', 'ná']",a-fâ-ná
afânare,substantiv,"['a', 'fâ', 'ná', 're']",a-fâ-ná-re
afânat,adjectiv,"['a', 'fâ', 'nát']",a-fâ-nát
afânat,substantiv,"['a', 'fâ', 'nát']",a-fâ-nát
afânător,substantiv,"['a', 'fâ', 'nă', 'tór']",a-fâ-nă-tór
afanisi,verb,[],not-found
afanisire,substantiv,[],not-found
afanisit,adjectiv,[],not-found
afazic,adjectiv,"['a', 'fá', 'zic']",a-fá-zic
afazie,substantiv,"['a', 'fa', 'zí', 'e']",a-fa-zí-e
afaziolog,adjectiv,"['a', 'fa', 'zio', 'lóg']",a-fa-zio-lóg
afaziologie,substantiv,"['a', 'fa', 'zio', 'lo', 'gí', 'e']",a-fa-zio-lo-gí-e
afebril,adjectiv,"['a', 'fe', 'bríl']",a-fe-bríl
afect,substantiv,"['a', 'féct']",a-féct
afecta,verb,"['a', 'fec', 'tá']",a-fec-tá
afectare,substantiv,"['a', 'fec', 'tá', 're']",a-fec-tá-re
afectat,adjectiv,"['a', 'fec', 'tát']",a-fec-tát
afectat,substantiv,"['a', 'fec', 'tát']",a-fec-tát
afectație,substantiv,"['a', 'fec', 'tá', 'ţi', 'e']",a-fec-tá-ţi-e
afecție,substantiv,[],not-found
afecționa,verb,"['a', 'fec', 'ţio', 'ná']",a-fec-ţio-ná
afecționat,adjectiv,"['a', 'fec', 'ţio', 'nát']",a-fec-ţio-nát
afecțiune,substantiv,"['a', 'fec', 'ţi', 'ú', 'ne']",a-fec-ţi-ú-ne
afectiv,adjectiv,"['a', 'fec', 'tív']",a-fec-tív
afectivism,substantiv,"['a', 'fec', 'ti', 'vísm']",a-fec-ti-vísm
afectivitate,substantiv,"['a', 'fec', 'ti', 'vi', 'tá', 'te']",a-fec-ti-vi-tá-te
afectuos,adjectiv,"['a', 'fec', 'tu', 'ós']",a-fec-tu-ós
afectuozitate,substantiv,"['a', 'fec', 'tu', 'o', 'zi', 'tá', 'te']",a-fec-tu-o-zi-tá-te
afeliu,substantiv,"['a', 'fé', 'li', 'u']",a-fé-li-u
afemeiat,adjectiv,"['a', 'fe', 'me', 'iát']",a-fe-me-iát
afemie,substantiv,"['a', 'fe', 'mí', 'e']",a-fe-mí-e
afera,verb,"['a', 'fe', 'rá']",a-fe-rá
aferat,adjectiv,"['a', 'fe', 'rát']",a-fe-rát
aferent,adjectiv,"['a', 'fe', 'rént']",a-fe-rént
aferență,substantiv,"['a', 'fe', 'rén', 'tă']",a-fe-rén-tă
aferentație,substantiv,"['a', 'fe', 'ren', 'tá', 'ţi', 'e']",a-fe-ren-tá-ţi-e
afereză,substantiv,"['a', 'fe', 'ré', 'za']",a-fe-ré-za
afet,substantiv,"['a', 'fét']",a-fét
afgan,substantiv,"['af', 'gán']",af-gán
afgană,substantiv,"['af', 'gá', 'na']",af-gá-na
afghan,adjectiv,[],not-found
afibrinogenemie,substantiv,[],not-found
afid,substantiv,[],not-found
afidă,substantiv,"['a', 'fí', 'da']",a-fí-da
afidofag,adjectiv,[],not-found
afierosi,verb,"['a', 'fi', 'e', 'ro', 'sí']",a-fi-e-ro-sí
afierosire,substantiv,[],not-found
afierosit,adjectiv,"['a', 'fi', 'e', 'ro', 'sít']",a-fi-e-ro-sít
afif,adjectiv,"['a', 'fíf']",a-fíf
afil,adjectiv,"['a', 'fíl']",a-fíl
afilia,verb,"['a', 'fi', 'li', 'á']",a-fi-li-á
afiliat,adjectiv,"['a', 'fi', 'li', 'át']",a-fi-li-át
afiliat,substantiv,"['a', 'fi', 'li', 'át']",a-fi-li-át
afiliată,substantiv,"['a', 'fi', 'li', 'á', 'tă']",a-fi-li-á-tă
afiliație,substantiv,"['a', 'fi', 'li', 'á', 'ţi', 'e']",a-fi-li-á-ţi-e
afiliațiune,substantiv,[],not-found
afiliere,substantiv,"['a', 'fi', 'li', 'é', 're']",a-fi-li-é-re
afin,substantiv,"['a', 'fín', '(substantiv)']",a-fín-(substantiv)
afină,substantiv,"['a', 'fi', 'ná', '(verb', '-', 'infinitiv', '/', 'verb', '-', 'imperfect)']",a-fi-ná-(verb---infinitiv-/-verb---imperfect)
afina,verb,"['a', 'fi', 'ná', '(verb', '-', 'infinitiv', '/', 'verb', '-', 'imperfect)']",a-fi-ná-(verb---infinitiv-/-verb---imperfect)
afinaj,substantiv,"['a', 'fi', 'náj']",a-fi-náj
afinare,substantiv,"['a', 'fi', 'ná', 're']",a-fi-ná-re
afinat,adjectiv,"['a', 'fi', 'nát']",a-fi-nát
afinată,substantiv,"['a', 'fi', 'ná', 'ta']",a-fi-ná-ta
afinet,substantiv,"['a', 'fi', 'nét']",a-fi-nét
afiniș,substantiv,"['a', 'fi', 'níş']",a-fi-níş
afinitate,substantiv,"['a', 'fi', 'ni', 'tá', 'te']",a-fi-ni-tá-te
afion,substantiv,"['a', 'fi', 'ón']",a-fi-ón
afipt,substantiv,[],not-found
afirma,verb,"['a', 'fir', 'má']",a-fir-má
afirmare,substantiv,"['a', 'fir', 'má', 're']",a-fir-má-re
afirmat,adjectiv,"['a', 'fir', 'mát']",a-fir-mát
afirmat,substantiv,"['a', 'fir', 'mát']",a-fir-mát
afirmație,substantiv,"['a', 'fir', 'má', 'ţi', 'e']",a-fir-má-ţi-e
afirmațiune,substantiv,[],not-found
afirmativ,adjectiv,"['a', 'fir', 'ma', 'tív']",a-fir-ma-tív
afiș,substantiv,"['a', 'fíş']",a-fíş
afișa,verb,"['a', 'fi', 'şá']",a-fi-şá
afișabil,adjectiv,"['a', 'fi', 'şá', 'bil']",a-fi-şá-bil
afișaj,substantiv,"['a', 'fi', 'şáj']",a-fi-şáj
afișare,substantiv,"['a', 'fi', 'şá', 're']",a-fi-şá-re
afișat,adjectiv,"['a', 'fi', 'şát']",a-fi-şát
afișat,substantiv,"['a', 'fi', 'şát']",a-fi-şát
afișetă,substantiv,"['a', 'fi', 'şé', 'ta']",a-fi-şé-ta
afișier,substantiv,"['a', 'fi', 'şi', 'ér']",a-fi-şi-ér
afișoară,substantiv,[],not-found
afișor,substantiv,"['a', 'fi', 'şór']",a-fi-şór
afix,substantiv,"['a', 'fíx']",a-fíx
afixal,adjectiv,"['a', 'fi', 'xál']",a-fi-xál
afixat,adjectiv,"['a', 'fi', 'xát']",a-fi-xát
afixoid,substantiv,"['a', 'fi', 'xo', 'íd']",a-fi-xo-íd
afla,verb,"['a', 'flá']",a-flá
aflare,substantiv,"['a', 'flá', 're']",a-flá-re
aflat,adjectiv,"['a', 'flát']",a-flát
aflat,substantiv,"['a', 'flát']",a-flát
aflător,adjectiv,"['a', 'flă', 'tór']",a-flă-tór
aflicțiune,substantiv,"['a', 'flic', 'ţi', 'ú', 'ne']",a-flic-ţi-ú-ne
aflictiv,adjectiv,"['a', 'flic', 'tív']",a-flic-tív
afloriment,substantiv,"['a', 'flo', 'ri', 'mént']",a-flo-ri-mént
afluent,substantiv,"['a', 'flu', 'ént']",a-flu-ént
afluență,substantiv,"['a', 'flu', 'én', 'ţa']",a-flu-én-ţa
aflui,verb,"['a', 'flu', 'í']",a-flu-í
afluiere,substantiv,"['a', 'flu', 'ié', 're']",a-flu-ié-re
afluire,substantiv,[],not-found
afluit,adjectiv,"['a', 'flu', 'ít']",a-flu-ít
aflux,substantiv,"['a', 'flúx']",a-flúx
afocal,adjectiv,"['a', 'fo', 'cál']",a-fo-cál
afon,adjectiv,"['a', 'fón']",a-fón
afonă,substantiv,"['a', 'fó', 'nă']",a-fó-nă
afonie,substantiv,"['a', 'fo', 'ní', 'e']",a-fo-ní-e
afonizare,substantiv,"['a', 'fo', 'ni', 'zá', 're']",a-fo-ni-zá-re
afonizat,adjectiv,"['a', 'fo', 'ni', 'zát']",a-fo-ni-zát
aforism,substantiv,"['a', 'fo', 'rísm']",a-fo-rísm
aforistic,adjectiv,"['a', 'fo', 'rís', 'tic']",a-fo-rís-tic
aforisticitate,substantiv,"['a', 'fo', 'ris', 'ti', 'ci', 'tá', 'te']",a-fo-ris-ti-ci-tá-te
afreta,verb,"['a', 'fre', 'tá']",a-fre-tá
afretare,substantiv,"['a', 'fre', 'tá', 're']",a-fre-tá-re
afretat,adjectiv,"['a', 'fre', 'tát']",a-fre-tát
african,adjectiv,"['a', 'fri', 'cán']",a-fri-cán
african,substantiv,"['a', 'fri', 'cán']",a-fri-cán
africană,substantiv,"['a', 'fri', 'cá', 'na']",a-fri-cá-na
africancă,substantiv,"['a', 'fri', 'cán', 'ca']",a-fri-cán-ca
africanism,substantiv,"['a', 'fri', 'ca', 'nísm']",a-fri-ca-nísm
africanist,adjectiv,"['a', 'fri', 'ca', 'níst']",a-fri-ca-níst
africanistică,substantiv,"['a', 'fri', 'ca', 'nís', 'ti', 'ca']",a-fri-ca-nís-ti-ca
africaniza,verb,"['a', 'fri', 'ca', 'ni', 'zá']",a-fri-ca-ni-zá
africanizare,substantiv,"['a', 'fri', 'ca', 'ni', 'zá', 're']",a-fri-ca-ni-zá-re
africanizat,adjectiv,"['a', 'fri', 'ca', 'ni', 'zát']",a-fri-ca-ni-zát
africanolog,adjectiv,"['a', 'fri', 'ca', 'no', 'lóg']",a-fri-ca-no-lóg
africat,adjectiv,[],not-found
africată,substantiv,"['a', 'fri', 'cá', 'ta']",a-fri-cá-ta
afrikaander,substantiv,[],not-found
afrikaans,substantiv,[],not-found
afrikander,substantiv,"['a', 'fri', 'kán', 'der']",a-fri-kán-der
afro-american,adjectiv,[],not-found
afro-asiatic,adjectiv,"['a', 'fro', 'a', 'si', 'á', 'tic']",a-fro-a-si-á-tic
afroamerican,adjectiv,"['a', 'fro', 'a', 'me', 'ri', 'cán']",a-fro-a-me-ri-cán
afrodită,substantiv,[],not-found
afrodiziac,adjectiv,"['a', 'fro', 'di', 'zi', 'ác']",a-fro-di-zi-ác
afront,substantiv,"['a', 'frón', 't', '(verb', '-', 'prezent)']",a-frón-t-(verb---prezent)
afronta,verb,"['a', 'fron', 'tá']",a-fron-tá
afrontare,substantiv,"['a', 'fron', 'tá', 're']",a-fron-tá-re
afrontat,adjectiv,"['a', 'fron', 'tát']",a-fron-tát
afrunta,verb,"['a', 'frun', 'tá']",a-frun-tá
aftă,substantiv,"['áf', 'ta']",áf-ta
aftoasă,adjectiv,"['af', 'toá', 'să']",af-toá-să
aftoid,adjectiv,"['af', 'to', 'íd']",af-to-íd
aftos,adjectiv,"['af', 'tós']",af-tós
aftoză,substantiv,[],not-found
afuiere,substantiv,"['a', 'fu', 'ié', 're']",a-fu-ié-re
afuire,substantiv,[],not-found
afum,substantiv,"['a', 'fúm']",a-fúm
afuma,verb,"['a', 'fu', 'má']",a-fu-má
afumare,substantiv,"['a', 'fu', 'má', 're']",a-fu-má-re
afumat,adjectiv,"['a', 'fu', 'mát']",a-fu-mát
afumătoare,substantiv,"['a', 'fu', 'mă', 'toá', 're']",a-fu-mă-toá-re
afumător,adjectiv,"['a', 'fu', 'mă', 'tór']",a-fu-mă-tór
afumătorie,substantiv,"['a', 'fu', 'mă', 'to', 'rí', 'e']",a-fu-mă-to-rí-e
afumătură,substantiv,"['a', 'fu', 'mă', 'tú', 'ra']",a-fu-mă-tú-ra
afund,adjectiv,"['a', 'fúnd']",a-fúnd
afund,substantiv,"['a', 'fúnd']",a-fúnd
afunda,verb,"['a', 'fun', 'dá']",a-fun-dá
afundare,substantiv,"['a', 'fun', 'dá', 're']",a-fun-dá-re
afundat,adjectiv,"['a', 'fun', 'dát']",a-fun-dát
afundat,substantiv,"['a', 'fun', 'dát']",a-fun-dát
afundătură,substantiv,"['a', 'fun', 'dă', 'tú', 'ra']",a-fun-dă-tú-ra
afundiș,substantiv,"['a', 'fun', 'díş']",a-fun-díş
afunzime,substantiv,"['a', 'fun', 'zí', 'me']",a-fun-zí-me
afurisanie,substantiv,[],not-found
afurisenie,substantiv,"['a', 'fu', 'ri', 'sé', 'ni', 'e']",a-fu-ri-sé-ni-e
afurisi,verb,"['a', 'fu', 'ri', 'sí']",a-fu-ri-sí
afurisire,substantiv,[],not-found
afurisit,adjectiv,"['a', 'fu', 'ri', 'sít']",a-fu-ri-sít
afurisit,substantiv,"['a', 'fu', 'ri', 'sít']",a-fu-ri-sít
afurisită,substantiv,"['a', 'fu', 'ri', 'sí', 'tă']",a-fu-ri-sí-tă
afuzali,substantiv,"['a', 'fu', 'za', 'lí']",a-fu-za-lí
afuziune,substantiv,"['a', 'fu', 'ziú', 'ne']",a-fu-ziú-ne
aga,substantiv,"['a', 'gá', '(substantiv)']",a-gá-(substantiv)
agă,substantiv,"['a', 'gá', '(substantiv)']",a-gá-(substantiv)
agabaritic,adjectiv,"['a', 'ga', 'ba', 'rí', 'tic']",a-ga-ba-rí-tic
agalactie,substantiv,"['a', 'ga', 'lac', 'tí', 'e']",a-ga-lac-tí-e
agalaxie,substantiv,[],not-found
agam,adjectiv,"['a', 'gám']",a-gám
agamie,substantiv,[],not-found
agamospermie,substantiv,[],not-found
agapă,substantiv,"['a', 'gá', 'pa']",a-gá-pa
agarean,substantiv,"['a', 'ga', 'reán']",a-ga-reán
agaricacee,substantiv,"['a', 'ga', 'ri', 'ca', 'cé', 'e']",a-ga-ri-ca-cé-e
agarlâc,substantiv,"['a', 'gar', 'lấc']",a-gar-lấc
agasa,verb,"['a', 'ga', 'sá']",a-ga-sá
agasant,adjectiv,"['a', 'ga', 'sánt']",a-ga-sánt
agasare,substantiv,"['a', 'ga', 'sá', 're']",a-ga-sá-re
agasat,adjectiv,"['a', 'ga', 'sát']",a-ga-sát
agasat,substantiv,"['a', 'ga', 'sát']",a-ga-sát
agastrie,substantiv,[],not-found
agat,substantiv,"['a', 'gát']",a-gát
agată,substantiv,"['a', 'gá', 'ta']",a-gá-ta
agăța,verb,"['a', 'gá', 'ta']",a-gá-ta
agațament,substantiv,[],not-found
agățare,substantiv,"['a', 'gă', 'ţá', 're']",a-gă-ţá-re
agatârși,substantiv,"['a', 'ga', 'tấrşi']",a-ga-tấrşi
agățat,adjectiv,"['a', 'gă', 'ţát']",a-gă-ţát
agățat,substantiv,"['a', 'gă', 'ţát']",a-gă-ţát
agățătoare,substantiv,"['a', 'gă', 'ţă', 'toá', 're']",a-gă-ţă-toá-re
agățător,adjectiv,"['a', 'gă', 'ţă', 'tór']",a-gă-ţă-tór
agatin,adjectiv,"['a', 'ga', 'tín']",a-ga-tín
agavă,substantiv,"['a', 'gá', 'va']",a-gá-va
ageamie,substantiv,"['a', 'gea', 'mí', 'e']",a-gea-mí-e
ageamiu,adjectiv,"['a', 'gea', 'míu']",a-gea-míu
ageamiu,substantiv,"['a', 'gea', 'míu']",a-gea-míu
agendă,substantiv,"['a', 'gén', 'da']",a-gén-da
agenezie,substantiv,"['a', 'ge', 'ne', 'zí', 'e']",a-ge-ne-zí-e
agent,substantiv,"['a', 'gént']",a-gént
agentă,substantiv,"['a', 'gén', 'ta']",a-gén-ta
agenție,substantiv,"['a', 'gen', 'ţí', 'e']",a-gen-ţí-e
agentură,substantiv,"['a', 'gen', 'tú', 'ra']",a-gen-tú-ra
ager,adjectiv,"['á', 'ger']",á-ger
agerazie,substantiv,"['a', 'ge', 'ra', 'zí', 'e']",a-ge-ra-zí-e
ageri,verb,"['a', 'ge', 'rí', '(verb', '-', 'infinitiv', '/', 'verb', '-', 'perfectul', 'simplu)']",a-ge-rí-(verb---infinitiv-/-verb---perfectul-simplu)
agerime,substantiv,"['a', 'ge', 'rí', 'me']",a-ge-rí-me
agerit,adjectiv,"['a', 'ge', 'rít']",a-ge-rít
agest,substantiv,"['a', 'gést']",a-gést
agestru,substantiv,"['a', 'gés', 'tru']",a-gés-tru
ageuzie,substantiv,[],not-found
agheasmă,substantiv,"['a', 'gheás', 'ma']",a-gheás-ma
agheasmatar,substantiv,"['a', 'gheas', 'ma', 'tár']",a-gheas-ma-tár
aghenție,substantiv,[],not-found
aghesmui,verb,"['a', 'ghes', 'mu', 'í']",a-ghes-mu-í
aghesmuire,substantiv,"['a', 'ghes', 'mu', 'í', 're']",a-ghes-mu-í-re
aghesmuit,adjectiv,"['a', 'ghes', 'mu', 'ít']",a-ghes-mu-ít
aghioasă,substantiv,[],not-found
aghios,substantiv,"['a', 'ghi', 'ós']",a-ghi-ós
aghiotant,substantiv,"['a', 'ghio', 'tánt']",a-ghio-tánt
agie,substantiv,"['a', 'gí', 'e']",a-gí-e
agil,adjectiv,"['a', 'gíl']",a-gíl
agilitate,substantiv,[],not-found
agio,substantiv,"['á', 'gio']",á-gio
agiota,verb,"['a', 'gi', 'o', 'tá']",a-gi-o-tá
agiotaj,substantiv,"['a', 'gi', 'o', 'táj']",a-gi-o-táj
agita,verb,"['a', 'gi', 'tá']",a-gi-tá
agitare,substantiv,"['a', 'gi', 'tá', 're']",a-gi-tá-re
agitat,adjectiv,"['a', 'gi', 'tát']",a-gi-tát
agitat,substantiv,"['a', 'gi', 'tát']",a-gi-tát
agitată,substantiv,"['a', 'gi', 'tá', 'tă']",a-gi-tá-tă
agitație,substantiv,"['a', 'gi', 'tá', 'ţi', 'e']",a-gi-tá-ţi-e
agitațiune,substantiv,[],not-found
agitatoare,substantiv,"['a', 'gi', 'ta', 'toá', 're']",a-gi-ta-toá-re
agitator,substantiv,"['a', 'gi', 'ta', 'tór']",a-gi-ta-tór
agitatoric,adjectiv,"['a', 'gi', 'ta', 'tó', 'ric']",a-gi-ta-tó-ric
aglică,substantiv,"['a', 'glí', 'ca']",a-glí-ca
aglomera,verb,"['a', 'glo', 'me', 'rá']",a-glo-me-rá
aglomerant,substantiv,"['a', 'glo', 'me', 'ránt']",a-glo-me-ránt
aglomerare,substantiv,"['a', 'glo', 'me', 'rá', 're']",a-glo-me-rá-re
aglomerat,adjectiv,"['a', 'glo', 'me', 'rát']",a-glo-me-rát
aglomerat,substantiv,"['a', 'glo', 'me', 'rát']",a-glo-me-rát
aglomerație,substantiv,"['a', 'glo', 'me', 'rá', 'ţi', 'e']",a-glo-me-rá-ţi-e
aglomerațiune,substantiv,[],not-found
aglomerator,substantiv,"['a', 'glo', 'me', 'ra', 'tór']",a-glo-me-ra-tór
aglutina,verb,"['a', 'glu', 'ti', 'ná']",a-glu-ti-ná
aglutinant,adjectiv,"['a', 'glu', 'ti', 'nánt']",a-glu-ti-nánt
aglutinare,substantiv,"['a', 'glu', 'ti', 'ná', 're']",a-glu-ti-ná-re
aglutinat,adjectiv,"['a', 'glu', 'ti', 'nát']",a-glu-ti-nát
aglutinat,substantiv,"['a', 'glu', 'ti', 'nát']",a-glu-ti-nát
aglutinină,substantiv,"['a', 'glu', 'ti', 'ní', 'na']",a-glu-ti-ní-na
aglutinogen,substantiv,"['a', 'glu', 'ti', 'no', 'gén']",a-glu-ti-no-gén
agnată,substantiv,"['ag', 'ná', 'ta']",ag-ná-ta
agnatic,adjectiv,"['ag', 'ná', 'tic']",ag-ná-tic
agnatostom,substantiv,"['ag', 'na', 'tos', 'tóm']",ag-na-tos-tóm
agneț,substantiv,"['ag', 'néţ']",ag-néţ
agnomen,substantiv,"['ag', 'nó', 'men']",ag-nó-men
agnostic,adjectiv,"['ag', 'nós', 'tic']",ag-nós-tic
agnostică,substantiv,"['ag', 'nós', 'ti', 'că']",ag-nós-ti-că
agnosticism,substantiv,"['ag', 'nos', 'ti', 'císm']",ag-nos-ti-císm
agnozie,substantiv,"['ag', 'no', 'zí', 'e']",ag-no-zí-e
agogic,adjectiv,[],not-found
agogică,substantiv,"['a', 'gó', 'gi', 'ca']",a-gó-gi-ca
agonă,substantiv,"['a', 'gó', 'na']",a-gó-na
agonal,adjectiv,"['a', 'go', 'nál']",a-go-nál
agonic,adjectiv,"['a', 'gó', 'nic']",a-gó-nic
agonie,substantiv,"['a', 'go', 'ní', 'e']",a-go-ní-e
agoniseală,substantiv,"['a', 'go', 'ni', 'seá', 'la']",a-go-ni-seá-la
agonisi,verb,"['a', 'go', 'ni', 'sí']",a-go-ni-sí
agonisire,substantiv,"['a', 'go', 'ni', 'sí', 're']",a-go-ni-sí-re
agonisit,adjectiv,"['a', 'go', 'ni', 'sít']",a-go-ni-sít
agonisit,substantiv,"['a', 'go', 'ni', 'sít']",a-go-ni-sít
agonist,adjectiv,[],not-found
agonistic,adjectiv,"['a', 'go', 'nís', 'tic']",a-go-nís-tic
agonistică,substantiv,"['a', 'go', 'nís', 'ti', 'ca']",a-go-nís-ti-ca
agoniza,verb,"['a', 'go', 'ni', 'zá']",a-go-ni-zá
agonizant,adjectiv,"['a', 'go', 'ni', 'zánt']",a-go-ni-zánt
agonizare,substantiv,"['a', 'go', 'ni', 'zá', 're']",a-go-ni-zá-re
agonizat,adjectiv,"['a', 'go', 'ni', 'zát']",a-go-ni-zát
agora,substantiv,"['a', 'go', 'rá']",a-go-rá
agoră,substantiv,"['a', 'go', 'rá']",a-go-rá
agorafobie,substantiv,"['a', 'go', 'ra', 'fo', 'bí', 'e']",a-go-ra-fo-bí-e
agradare,substantiv,"['a', 'gra', 'dá', 're']",a-gra-dá-re
agrafă,substantiv,"['a', 'grá', 'fa']",a-grá-fa
agrafie,substantiv,"['a', 'gra', 'fí', 'e']",a-gra-fí-e
agrăi,verb,"['a', 'gră', 'í']",a-gră-í
agrăire,substantiv,[],not-found
agrăit,adjectiv,"['a', 'gră', 'ít']",a-gră-ít
agramat,adjectiv,"['a', 'gra', 'mát']",a-gra-mát
agramată,substantiv,"['a', 'gra', 'má', 'tă']",a-gra-má-tă
agramatical,adjectiv,"['a', 'gra', 'ma', 'ti', 'cál']",a-gra-ma-ti-cál
agramaticalitate,substantiv,"['a', 'gra', 'ma', 'ti', 'ca', 'li', 'tá', 'te']",a-gra-ma-ti-ca-li-tá-te
agramatism,substantiv,"['a', 'gra', 'ma', 'tísm']",a-gra-ma-tísm
agranulocit,substantiv,[],not-found
agranulocitoză,substantiv,"['a', 'gra', 'nu', 'lo', 'ci', 'tó', 'za']",a-gra-nu-lo-ci-tó-za
agrar,adjectiv,"['a', 'grár']",a-grár
agrarian,adjectiv,"['a', 'gra', 'ri', 'án']",a-gra-ri-án
agrarian,substantiv,"['a', 'gra', 'ri', 'án']",a-gra-ri-án
agrariană,substantiv,"['a', 'gra', 'ri', 'á', 'nă']",a-gra-ri-á-nă
agrarianism,substantiv,"['a', 'gra', 'ri', 'a', 'nísm']",a-gra-ri-a-nísm
agrava,verb,"['a', 'gra', 'vá']",a-gra-vá
agravant,adjectiv,"['a', 'gra', 'vánt']",a-gra-vánt
agravare,substantiv,"['a', 'gra', 'vá', 're']",a-gra-vá-re
agravat,adjectiv,"['a', 'gra', 'vát']",a-gra-vát
agravat,substantiv,"['a', 'gra', 'vát']",a-gra-vát
agrea,verb,"['a', 'gre', 'á']",a-gre-á
agreabil,adjectiv,"['a', 'gre', 'á', 'bil']",a-gre-á-bil
agreare,substantiv,[],not-found
agreat,adjectiv,"['a', 'gre', 'át']",a-gre-át
agreat,substantiv,"['a', 'gre', 'át']",a-gre-át
agreement,substantiv,[],not-found
agreere,substantiv,[],not-found
agrega,verb,"['a', 'gre', 'gá']",a-gre-gá
agregare,substantiv,"['a', 'gre', 'gá', 're']",a-gre-gá-re
agregat,adjectiv,"['a', 'gre', 'gát']",a-gre-gát
agregat,substantiv,"['a', 'gre', 'gát']",a-gre-gát
agregație,substantiv,"['a', 'gre', 'gá', 'ţi', 'e']",a-gre-gá-ţi-e
agregațiune,substantiv,[],not-found
agrement,substantiv,"['a', 'gre', 'mént']",a-gre-mént
agrementa,verb,"['a', 'gre', 'men', 'tá']",a-gre-men-tá
agremental,adjectiv,"['a', 'gre', 'men', 'tál']",a-gre-men-tál
agrementare,substantiv,"['a', 'gre', 'men', 'tá', 're']",a-gre-men-tá-re
agrementat,adjectiv,"['a', 'gre', 'men', 'tát']",a-gre-men-tát
agresa,verb,"['a', 'gre', 'sá']",a-gre-sá
agresare,substantiv,"['a', 'gre', 'sá', 're']",a-gre-sá-re
agresat,adjectiv,"['a', 'gre', 'sát']",a-gre-sát
agresat,substantiv,"['a', 'gre', 'sát']",a-gre-sát
agresiona,verb,"['a', 'gre', 'sio', 'ná']",a-gre-sio-ná
agresionare,substantiv,"['a', 'gre', 'sio', 'ná', 're']",a-gre-sio-ná-re
agresionat,adjectiv,"['a', 'gre', 'sio', 'nát']",a-gre-sio-nát
agresiune,substantiv,"['a', 'gre', 'si', 'ú', 'ne']",a-gre-si-ú-ne
agresiv,adjectiv,"['a', 'gre', 'sív']",a-gre-sív
agresivitate,substantiv,"['a', 'gre', 'si', 'vi', 'tá', 'te']",a-gre-si-vi-tá-te
agresoare,substantiv,"['a', 'gre', 'soá', 're']",a-gre-soá-re
agresologie,substantiv,"['a', 'gre', 'so', 'lo', 'gí', 'e']",a-gre-so-lo-gí-e
agresor,substantiv,"['a', 'gre', 'sór']",a-gre-sór
agrest,adjectiv,"['a', 'grést']",a-grést
agricol,adjectiv,"['a', 'grí', 'col']",a-grí-col
agricoliza,verb,"['a', 'gri', 'co', 'li', 'zá']",a-gri-co-li-zá
agricolizare,substantiv,"['a', 'gri', 'co', 'li', 'zá', 're']",a-gri-co-li-zá-re
agricolizat,adjectiv,"['a', 'gri', 'co', 'li', 'zát']",a-gri-co-li-zát
agricultoare,substantiv,"['a', 'gri', 'cul', 'toá', 're']",a-gri-cul-toá-re
agricultor,substantiv,"['a', 'gri', 'cul', 'tór']",a-gri-cul-tór
agricultură,substantiv,"['a', 'gri', 'cul', 'tú', 'ra']",a-gri-cul-tú-ra
agrimensor,substantiv,"['a', 'gri', 'men', 'sór']",a-gri-men-sór
agrimensură,substantiv,"['a', 'gri', 'men', 'sú', 'ra']",a-gri-men-sú-ra
agripnie,substantiv,"['a', 'grip', 'ní', 'e']",a-grip-ní-e
agriș,substantiv,"['á', 'griş']",á-griş
agrișă,substantiv,"['á', 'gri', 'şa']",á-gri-şa
agroalimentar,adjectiv,"['a', 'gro', 'a', 'li', 'men', 'tár']",a-gro-a-li-men-tár
agroalimentare,substantiv,"['a', 'gro', 'a', 'li', 'men', 'tá', 're']",a-gro-a-li-men-tá-re
agroameliorativ,adjectiv,"['a', 'gro', 'a', 'me', 'lio', 'ra', 'tív']",a-gro-a-me-lio-ra-tív
agrobiocenoză,substantiv,[],not-found
agrobiolog,substantiv,"['a', 'gro', 'bi', 'o', 'lóg']",a-gro-bi-o-lóg
agrobiologic,adjectiv,"['a', 'gro', 'bio', 'ló', 'gic']",a-gro-bio-ló-gic
agrobiologie,substantiv,"['a', 'gro', 'bio', 'lo', 'gí', 'e']",a-gro-bio-lo-gí-e
agrobotanică,substantiv,"['a', 'gro', 'bo', 'tá', 'ni', 'ca']",a-gro-bo-tá-ni-ca
agrocenoză,substantiv,"['a', 'gro', 'ce', 'nó', 'za']",a-gro-ce-nó-za
agrochimic,adjectiv,"['a', 'gro', 'chí', 'mic']",a-gro-chí-mic
agrochimie,substantiv,"['a', 'gro', 'chi', 'mí', 'e']",a-gro-chi-mí-e
agrochimist,adjectiv,"['a', 'gro', 'chi', 'míst']",a-gro-chi-míst
agroecologie,substantiv,"['a', 'gro', 'e', 'co', 'lo', 'gí', 'e']",a-gro-e-co-lo-gí-e
agroecosistem,substantiv,"['a', 'gro', 'e', 'co', 'sis', 'tém']",a-gro-e-co-sis-tém
agrofizică,substantiv,"['a', 'gro', 'fí', 'zi', 'ca']",a-gro-fí-zi-ca
agrofond,substantiv,"['a', 'gro', 'fónd']",a-gro-fónd
agrogeolog,substantiv,"['a', 'gro', 'ge', 'o', 'lóg']",a-gro-ge-o-lóg
agrogeologic,adjectiv,"['a', 'gro', 'ge', 'o', 'ló', 'gic']",a-gro-ge-o-ló-gic
agrogeologie,substantiv,"['a', 'gro', 'ge', 'o', 'lo', 'gí', 'e']",a-gro-ge-o-lo-gí-e
agroindustrial,adjectiv,"['a', 'groin', 'dus', 'triál']",a-groin-dus-triál
agrologie,substantiv,"['a', 'gro', 'lo', 'gí', 'e']",a-gro-lo-gí-e
agromanie,substantiv,[],not-found
agrometeorologic,adjectiv,"['a', 'gro', 'me', 'te', 'o', 'ro', 'ló', 'gic']",a-gro-me-te-o-ro-ló-gic
agrometeorologie,substantiv,[],not-found
agronom,substantiv,"['a', 'gro', 'nóm']",a-gro-nóm
agronomă,substantiv,"['a', 'gro', 'nó', 'ma']",a-gro-nó-ma
agronomic,adjectiv,"['a', 'gro', 'nó', 'mic']",a-gro-nó-mic
agronomie,substantiv,"['a', 'gro', 'no', 'mí', 'e']",a-gro-no-mí-e
agropedologie,substantiv,"['a', 'gro', 'pe', 'do', 'lo', 'gí', 'e']",a-gro-pe-do-lo-gí-e
agrosilvic,adjectiv,"['a', 'gro', 'síl', 'vic']",a-gro-síl-vic
agrotehnic,adjectiv,"['a', 'gro', 'téh', 'nic']",a-gro-téh-nic
agrotehnică,substantiv,"['a', 'gro', 'téh', 'ni', 'ca']",a-gro-téh-ni-ca
agrotehnician,adjectiv,"['a', 'gro', 'teh', 'ni', 'ci', 'án']",a-gro-teh-ni-ci-án
agroterasă,substantiv,"['a', 'gro', 'te', 'rá', 'sa']",a-gro-te-rá-sa
agroterase,substantiv,"['a', 'gro', 'te', 'rá', 'se']",a-gro-te-rá-se
agroturism,substantiv,[],not-found
agrozootehnic,adjectiv,"['a', 'gro', 'zo', 'o', 'téh', 'nic']",a-gro-zo-o-téh-nic
agrozootehnie,substantiv,"['a', 'gro', 'zo', 'o', 'teh', 'ní', 'e']",a-gro-zo-o-teh-ní-e
agud,adjectiv,"['a', 'gúd']",a-gúd
agud,substantiv,"['a', 'gúd']",a-gúd
agudă,substantiv,"['a', 'gú', 'da']",a-gú-da
aguridă,substantiv,"['a', 'gu', 'rí', 'da']",a-gu-rí-da
ah,substantiv,['ah'],ah
ahasveric,adjectiv,"['a', 'has', 'vé', 'ric']",a-has-vé-ric
aheean,adjectiv,"['a', 'he', 'eán']",a-he-eán
aheean,substantiv,"['a', 'he', 'eán']",a-he-eán
ahei,substantiv,"['a', 'héi']",a-héi
aherontic,adjectiv,[],not-found
aheu,substantiv,"['a', 'héu']",a-héu
ahotnic,adjectiv,"['a', 'hót', 'nic']",a-hót-nic
aht,substantiv,['aht'],aht
ahtia,verb,"['ah', 'ti', 'á']",ah-ti-á
ahtiat,adjectiv,"['ah', 'ti', 'át']",ah-ti-át
ahtiat,substantiv,"['ah', 'ti', 'át']",ah-ti-át
ahtiată,substantiv,"['ah', 'ti', 'á', 'tă']",ah-ti-á-tă
ahtiere,substantiv,"['ah', 'ti', 'é', 're']",ah-ti-é-re
ai,substantiv,['ai'],ai
aiasmă,substantiv,[],not-found
aici,adverb,"['a', 'íci']",a-íci
aidomanie,substantiv,[],not-found
aiepta,verb,"['a', 'iep', 'tá']",a-iep-tá
airbag,substantiv,[],not-found
airbus,substantiv,[],not-found
aisberg,substantiv,"['áis', 'berg']",áis-berg
aișor,substantiv,"['ai', 'şór']",ai-şór
aituri,substantiv,[],not-found
aiura,verb,"['a', 'iu', 'rá']",a-iu-rá
aiurare,substantiv,"['a', 'iu', 'rá', 're']",a-iu-rá-re
aiurat,adjectiv,"['a', 'iu', 'rát']",a-iu-rát
aiureală,substantiv,"['a', 'iu', 'reá', 'la']",a-iu-reá-la
aiuri,verb,[],not-found
aiurire,substantiv,[],not-found
aiurit,adjectiv,"['a', 'iu', 'rít']",a-iu-rít
aiurit,substantiv,"['a', 'iu', 'rít']",a-iu-rít
aiurită,substantiv,"['a', 'iu', 'rí', 'tă']",a-iu-rí-tă
ajmalină,substantiv,[],not-found
ajun,substantiv,"['a', 'jún']",a-jún
ajuna,verb,"['a', 'ju', 'ná']",a-ju-ná
ajunare,substantiv,[],not-found
ajunge,verb,"['a', 'jún', 'ge']",a-jún-ge
ajungere,substantiv,"['a', 'jún', 'ge', 're']",a-jún-ge-re
ajuns,adjectiv,"['a', 'júns']",a-júns
ajuns,substantiv,"['a', 'júns']",a-júns
ajur,substantiv,"['a', 'júr']",a-júr
ajura,verb,"['a', 'ju', 'rá']",a-ju-rá
ajurare,substantiv,"['a', 'ju', 'rá', 're']",a-ju-rá-re
ajurat,adjectiv,"['a', 'ju', 'rát']",a-ju-rát
ajusta,verb,"['a', 'jus', 'tá']",a-jus-tá
ajustabil,adjectiv,"['a', 'jus', 'tá', 'bil']",a-jus-tá-bil
ajustabilitate,substantiv,"['a', 'jus', 'ta', 'bi', 'li', 'tá', 'te']",a-jus-ta-bi-li-tá-te
ajustaj,substantiv,"['a', 'jus', 'táj']",a-jus-táj
ajustare,substantiv,"['a', 'jus', 'tá', 're']",a-jus-tá-re
ajustat,adjectiv,"['a', 'jus', 'tát']",a-jus-tát
ajustat,substantiv,"['a', 'jus', 'tát']",a-jus-tát
ajustor,adjectiv,"['a', 'jus', 'tór']",a-jus-tór
ajustor,substantiv,"['a', 'jus', 'tór']",a-jus-tór
ajuta,verb,"['a', 'ju', 'tá']",a-ju-tá
ajutaj,substantiv,"['a', 'ju', 'táj']",a-ju-táj
ajutare,substantiv,"['a', 'ju', 'tá', 're']",a-ju-tá-re
ajutat,adjectiv,"['a', 'ju', 'tát']",a-ju-tát
ajutat,substantiv,"['a', 'ju', 'tát']",a-ju-tát
ajutător,adjectiv,"['a', 'ju', 'tă', 'tór']",a-ju-tă-tór
ajutător,substantiv,"['a', 'ju', 'tă', 'tór']",a-ju-tă-tór
ajutoare,substantiv,"['a', 'ju', 'toá', 're']",a-ju-toá-re
ajutor,substantiv,"['a', 'ju', 'tór']",a-ju-tór
ajutora,verb,"['a', 'ju', 'to', 'rá']",a-ju-to-rá
ajutorare,substantiv,"['a', 'ju', 'to', 'rá', 're']",a-ju-to-rá-re
ajutorat,adjectiv,"['a', 'ju', 'to', 'rát']",a-ju-to-rát
ajutori,verb,"['a', 'ju', 'tóri']",a-ju-tóri
ajutorință,substantiv,"['a', 'ju', 'to', 'rín', 'ţa']",a-ju-to-rín-ţa
akân,substantiv,"['a', 'kấn']",a-kấn
akkadian,adjectiv,"['ak', 'ka', 'di', 'án']",ak-ka-di-án
akkadian,substantiv,"['ak', 'ka', 'di', 'án']",ak-ka-di-án
akkadiană,substantiv,"['ak', 'ka', 'di', 'á', 'nă']",ak-ka-di-á-nă
akmeism,substantiv,[],not-found
ală,substantiv,"['á', 'la']",á-la
alabastru,substantiv,"['a', 'la', 'bás', 'tru']",a-la-bás-tru
alac,substantiv,"['a', 'lác']",a-lác
alagea,substantiv,"['a', 'la', 'geá']",a-la-geá
alai,substantiv,"['a', 'lái']",a-lái
alalie,substantiv,"['a', 'la', 'lí', 'e']",a-la-lí-e
alamă,substantiv,"['a', 'lá', 'ma']",a-lá-ma
alămâie,substantiv,[],not-found
alaman,adjectiv,"['a', 'la', 'mán']",a-la-mán
alaman,substantiv,"['a', 'la', 'mán']",a-la-mán
alamani,substantiv,[],not-found
alămar,substantiv,"['a', 'lă', 'már']",a-lă-már
alămărie,substantiv,"['a', 'lă', 'mă', 'rí', 'e']",a-lă-mă-rí-e
alambic,substantiv,"['a', 'lam', 'bíc']",a-lam-bíc
alambica,verb,"['a', 'lam', 'bi', 'cá']",a-lam-bi-cá
alambicare,substantiv,"['a', 'lam', 'bi', 'cá', 're']",a-lam-bi-cá-re
alambicat,adjectiv,"['a', 'lam', 'bi', 'cát']",a-lam-bi-cát
alambicat,substantiv,"['a', 'lam', 'bi', 'cát']",a-lam-bi-cát
alămi,verb,"['a', 'lă', 'mí']",a-lă-mí
alămire,substantiv,"['a', 'lă', 'mí', 're']",a-lă-mí-re
alămit,adjectiv,"['a', 'lă', 'mít']",a-lă-mít
alămiu,adjectiv,"['a', 'lă', 'míu']",a-lă-míu
alan,adjectiv,[],not-found
alani,substantiv,"['a', 'láni']",a-láni
alanină,substantiv,[],not-found
alantoidă,substantiv,"['a', 'lan', 'to', 'í', 'da']",a-lan-to-í-da
alăpta,verb,"['a', 'lăp', 'tá']",a-lăp-tá
alăptare,substantiv,"['a', 'lăp', 'tá', 're']",a-lăp-tá-re
alăptat,adjectiv,"['a', 'lăp', 'tát']",a-lăp-tát
alăptat,substantiv,"['a', 'lăp', 'tát']",a-lăp-tát
alarmă,substantiv,"['a', 'lar', 'má', '(verb', '-', 'infinitiv', '/', 'verb', '-', 'imperfect)']",a-lar-má-(verb---infinitiv-/-verb---imperfect)
alarma,verb,"['a', 'lar', 'má', '(verb', '-', 'infinitiv', '/', 'verb', '-', 'imperfect)']",a-lar-má-(verb---infinitiv-/-verb---imperfect)
alarmant,adjectiv,"['a', 'lar', 'mánt']",a-lar-mánt
alarmant,substantiv,"['a', 'lar', 'mánt']",a-lar-mánt
alarmantă,substantiv,"['a', 'lar', 'mán', 'tă']",a-lar-mán-tă
alarmare,substantiv,"['a', 'lar', 'má', 're']",a-lar-má-re
alarmat,adjectiv,"['a', 'lar', 'mát']",a-lar-mát
alarmat,substantiv,"['a', 'lar', 'mát']",a-lar-mát
alarmist,adjectiv,"['a', 'lar', 'míst']",a-lar-míst
alarmist,substantiv,"['a', 'lar', 'míst']",a-lar-míst
alarmistă,substantiv,"['a', 'lar', 'mís', 'ta']",a-lar-mís-ta
alătura,verb,"['a', 'lă', 'tu', 'rá']",a-lă-tu-rá
alăturare,substantiv,"['a', 'lă', 'tu', 'rá', 're']",a-lă-tu-rá-re
alăturat,adjectiv,"['a', 'lă', 'tu', 'rát']",a-lă-tu-rát
alăturat,substantiv,"['a', 'lă', 'tu', 'rát']",a-lă-tu-rát
alaun,substantiv,"['a', 'la', 'ún']",a-la-ún
alăută,substantiv,[],not-found
alb-albăstrui,adjectiv,[],not-found
alb-argintiu,adjectiv,[],not-found
alb-cenușiu,adjectiv,[],not-found
alb-crem,adjectiv,[],not-found
alb-gălbui,adjectiv,[],not-found
alb-liliachiu,adjectiv,[],not-found
alb-verzui,adjectiv,[],not-found
alb,adjectiv,['alb'],alb
alb,substantiv,['alb'],alb
albadă,substantiv,"['al', 'bá', 'da']",al-bá-da
albaiulian,adjectiv,[],not-found
albaiuliancă,substantiv,[],not-found
albanez,adjectiv,"['al', 'ba', 'néz']",al-ba-néz
albanez,substantiv,"['al', 'ba', 'néz']",al-ba-néz
albaneză,substantiv,"['al', 'ba', 'né', 'za']",al-ba-né-za
albanistică,substantiv,"['al', 'ba', 'nís', 'ti', 'ca']",al-ba-nís-ti-ca
albanolog,substantiv,"['al', 'ba', 'no', 'lóg']",al-ba-no-lóg
albanologie,substantiv,"['al', 'ba', 'no', 'lo', 'gí', 'e']",al-ba-no-lo-gí-e
albaspină,substantiv,"['al', 'bas', 'pí', 'na']",al-bas-pí-na
albăstrea,substantiv,"['al', 'băs', 'treá']",al-băs-treá
albăstreală,substantiv,"['al', 'băs', 'treá', 'la']",al-băs-treá-la
albăstrel,adjectiv,"['al', 'băs', 'trél']",al-băs-trél
albăstri,verb,"['al', 'báş', 'tri']",al-báş-tri
albăstrică,substantiv,[],not-found
albăstrime,substantiv,"['al', 'băs', 'trí', 'me']",al-băs-trí-me
albăstrior,adjectiv,"['al', 'băs', 'triór']",al-băs-triór
albăstrire,substantiv,"['al', 'băs', 'trí', 're']",al-băs-trí-re
albăstrit,adjectiv,"['al', 'băs', 'trít']",al-băs-trít
albăstrit,substantiv,"['al', 'băs', 'trít']",al-băs-trít
albăstriță,substantiv,"['al', 'băs', 'trí', 'tă']",al-băs-trí-tă
albăstriu,adjectiv,"['al', 'băs', 'tríu']",al-băs-tríu
albastru-verzui,adjectiv,[],not-found
albastru-violaceu,adjectiv,[],not-found
albastru-violet,adjectiv,[],not-found
albastru,adjectiv,"['al', 'bás', 'tru']",al-bás-tru
albastru,substantiv,"['al', 'bás', 'tru']",al-bás-tru
albăstrui-verzui,adjectiv,[],not-found
albăstrui,adjectiv,"['al', 'băs', 'trúi']",al-băs-trúi
albatros,substantiv,"['al', 'ba', 'trós']",al-ba-trós
albeală,substantiv,"['al', 'beá', 'la']",al-beá-la
albeață,substantiv,"['al', 'beá', 'ţa']",al-beá-ţa
albedo,substantiv,"['al', 'bé', 'do']",al-bé-do
albei,substantiv,"['al', 'béi']",al-béi
albeț,adjectiv,"['al', 'béţ']",al-béţ
albeț,substantiv,"['al', 'béţ']",al-béţ
albețe,substantiv,"['al', 'bé', 'ţe']",al-bé-ţe
albgardist,adjectiv,"['al', 'bgar', 'díst']",al-bgar-díst
albgardistă,substantiv,"['al', 'bgar', 'dís', 'ta']",al-bgar-dís-ta
albi,verb,"['al', 'bí', '(verb', '-', 'infinitiv', '/', 'verb', '-', 'perfectul', 'simplu)']",al-bí-(verb---infinitiv-/-verb---perfectul-simplu)
albian,adjectiv,"['al', 'bi', 'án']",al-bi-án
albian,substantiv,"['al', 'bi', 'án']",al-bi-án
albicios,adjectiv,"['al', 'bi', 'ciós']",al-bi-ciós
albiciune,substantiv,"['al', 'bi', 'ciú', 'ne']",al-bi-ciú-ne
albie,substantiv,"['al', 'bí', 'e', '(adjectiv)']",al-bí-e-(adjectiv)
albier,substantiv,"['al', 'bi', 'ér']",al-bi-ér
albigens,adjectiv,[],not-found
albigenzi,substantiv,"['al', 'bi', 'génzi']",al-bi-génzi
albii,verb,"['al', 'bi', 'í', '(verb', '-', 'infinitiv', '/', 'verb', '-', 'perfectul', 'simplu)']",al-bi-í-(verb---infinitiv-/-verb---perfectul-simplu)
albiliță,substantiv,"['al', 'bi', 'lí', 'ţa']",al-bi-lí-ţa
albime,substantiv,"['al', 'bí', 'me']",al-bí-me
albină,substantiv,"['al', 'bí', 'na']",al-bí-na
albinar,substantiv,"['al', 'bi', 'nár']",al-bi-nár
albinărel,substantiv,"['al', 'bi', 'nă', 'rél']",al-bi-nă-rél
albinărit,substantiv,"['al', 'bi', 'nă', 'rít']",al-bi-nă-rít
albineață,substantiv,"['al', 'bi', 'neá', 'ţă']",al-bi-neá-ţă
albineț,substantiv,"['al', 'bi', 'néţ']",al-bi-néţ
albini,verb,"['al', 'bi', 'ní']",al-bi-ní
albinism,substantiv,"['al', 'bi', 'nísm']",al-bi-nísm
albinit,adjectiv,"['al', 'bi', 'nít']",al-bi-nít
albiniță,substantiv,"['al', 'bi', 'ní', 'tă']",al-bi-ní-tă
albinoasă,substantiv,"['al', 'bi', 'noá', 'sa']",al-bi-noá-sa
albinos,substantiv,"['al', 'bi', 'nós']",al-bi-nós
albinozitate,substantiv,[],not-found
albinușă,substantiv,"['al', 'bi', 'nú', 'şa']",al-bi-nú-şa
albinuță,substantiv,"['al', 'bi', 'nú', 'ţa']",al-bi-nú-ţa
albioară,substantiv,"['al', 'bi', 'oá', 'ra']",al-bi-oá-ra
albior,adjectiv,"['al', 'bi', 'ór']",al-bi-ór
albire,substantiv,"['al', 'bí', 're']",al-bí-re
albișoară,substantiv,"['al', 'bi', 'şoá', 'ră']",al-bi-şoá-ră
albișor,substantiv,"['al', 'bi', 'şór']",al-bi-şór
albit,adjectiv,"['al', 'bít']",al-bít
albit,substantiv,"['al', 'bít']",al-bít
albiță,substantiv,"['al', 'bí', 'tă']",al-bí-tă
albitor,substantiv,"['al', 'bi', 'tór']",al-bi-tór
albitorie,substantiv,"['al', 'bi', 'to', 'rí', 'e']",al-bi-to-rí-e
albitură,substantiv,"['al', 'bi', 'tú', 'ra']",al-bi-tú-ra
albiu,adjectiv,"['al', 'bíu']",al-bíu
albiuță,substantiv,"['al', 'bi', 'ú', 'ţa']",al-bi-ú-ţa
alboare,substantiv,"['al', 'boá', 're']",al-boá-re
alboradă,substantiv,"['al', 'bo', 'rá', 'da']",al-bo-rá-da
albui,adjectiv,"['al', 'búi']",al-búi
albuleț,substantiv,"['al', 'bu', 'léţ']",al-bu-léţ
album,substantiv,"['al', 'búm']",al-búm
albumeală,substantiv,"['al', 'bu', 'meá', 'la']",al-bu-meá-la
albumină,substantiv,"['al', 'bu', 'mí', 'na']",al-bu-mí-na
albuminat,substantiv,[],not-found
albuminemie,substantiv,[],not-found
albuminoid,adjectiv,"['al', 'bu', 'mi', 'no', 'íd']",al-bu-mi-no-íd
albuminometru,substantiv,"['al', 'bu', 'mi', 'no', 'mé', 'tru']",al-bu-mi-no-mé-tru
albuminos,adjectiv,"['al', 'bu', 'mi', 'nós']",al-bu-mi-nós
albuminurie,substantiv,"['al', 'bu', 'mi', 'nu', 'rí', 'e']",al-bu-mi-nu-rí-e
albumiță,substantiv,"['al', 'bu', 'mí', 'ţa']",al-bu-mí-ţa
albumoză,substantiv,"['al', 'bu', 'mó', 'za']",al-bu-mó-za
alburi,verb,"['al', 'bu', 'rí']",al-bu-rí
alburit,adjectiv,"['al', 'bu', 'rít']",al-bu-rít
alburiu,adjectiv,"['al', 'bu', 'ríu']",al-bu-ríu
alburn,substantiv,"['al', 'búrn']",al-búrn
albuș,substantiv,"['al', 'búş']",al-búş
albuț,adjectiv,"['al', 'búţ']",al-búţ
alcade,substantiv,"['al', 'cá', 'de']",al-cá-de
alcaic,adjectiv,"['al', 'cá', 'ic']",al-cá-ic
alcalde,substantiv,[],not-found
alcaliceluloză,substantiv,"['al', 'ca', 'li', 'ce', 'lu', 'ló', 'za']",al-ca-li-ce-lu-ló-za
alcaliemie,substantiv,[],not-found
alcalimetric,adjectiv,[],not-found
alcalin,adjectiv,"['al', 'ca', 'lín']",al-ca-lín
alcalinitate,substantiv,"['al', 'ca', 'li', 'ni', 'tá', 'te']",al-ca-li-ni-tá-te
alcaliniza,verb,"['al', 'ca', 'li', 'ni', 'zá']",al-ca-li-ni-zá
alcalinizare,substantiv,"['al', 'ca', 'li', 'ni', 'zá', 're']",al-ca-li-ni-zá-re
alcalinizat,adjectiv,"['al', 'ca', 'li', 'ni', 'zát']",al-ca-li-ni-zát
alcalino-pământos,adjectiv,"['al', 'ca', 'lí', 'no', 'pă', 'mân', 'tós']",al-ca-lí-no-pă-mân-tós
alcaliu,substantiv,"['al', 'cá', 'liu']",al-cá-liu
alcalizare,substantiv,"['al', 'ca', 'li', 'zá', 're']",al-ca-li-zá-re
alcalizat,adjectiv,"['al', 'ca', 'li', 'zát']",al-ca-li-zát
alcaloid,adjectiv,"['al', 'ca', 'lo', 'íd']",al-ca-lo-íd
alcaloid,substantiv,"['al', 'ca', 'lo', 'íd']",al-ca-lo-íd
alcaloză,substantiv,"['al', 'ca', 'ló', 'za']",al-ca-ló-za
alcan,substantiv,"['al', 'cán']",al-cán
alcaptonurie,substantiv,[],not-found
alcătui,verb,"['al', 'că', 'tu', 'í']",al-că-tu-í
alcătuială,substantiv,"['al', 'că', 'tu', 'iá', 'la']",al-că-tu-iá-la
alcătuire,substantiv,"['al', 'că', 'tu', 'í', 're']",al-că-tu-í-re
alcătuit,adjectiv,"['al', 'că', 'tu', 'ít']",al-că-tu-ít
alcătuit,substantiv,"['al', 'că', 'tu', 'ít']",al-că-tu-ít
alcătuitor,adjectiv,"['al', 'că', 'tu', 'i', 'tór']",al-că-tu-i-tór
alcătuitor,substantiv,"['al', 'că', 'tu', 'i', 'tór']",al-că-tu-i-tór
alcazar,substantiv,"['al', 'ca', 'zár']",al-ca-zár
alchenă,substantiv,"['al', 'ché', 'na']",al-ché-na
alchidal,substantiv,"['al', 'chi', 'dál']",al-chi-dál
alchil,substantiv,"['al', 'chíl']",al-chíl
alchilare,substantiv,"['al', 'chi', 'lá', 're']",al-chi-lá-re
alchimic,adjectiv,"['al', 'chí', 'mic']",al-chí-mic
alchimie,substantiv,"['al', 'chi', 'mí', 'e']",al-chi-mí-e
alchimist,adjectiv,"['al', 'chi', 'míst']",al-chi-míst
alchină,substantiv,"['al', 'chí', 'na']",al-chí-na
alcion,substantiv,"['al', 'ción']",al-ción
alcool,substantiv,"['al', 'co', 'ól']",al-co-ól
alcoolat,substantiv,"['al', 'co', 'o', 'lát']",al-co-o-lát
alcoolemie,substantiv,"['al', 'co', 'o', 'le', 'mí', 'e']",al-co-o-le-mí-e
alcoolic,adjectiv,"['al', 'co', 'ó', 'lic']",al-co-ó-lic
alcoolic,substantiv,"['al', 'co', 'ó', 'lic']",al-co-ó-lic
alcoolică,substantiv,"['al', 'co', 'ó', 'li', 'că']",al-co-ó-li-că
alcoolism,substantiv,"['al', 'co', 'o', 'lísm']",al-co-o-lísm
alcooliza,verb,"['al', 'co', 'o', 'li', 'zá']",al-co-o-li-zá
alcoolizare,substantiv,"['al', 'co', 'o', 'li', 'zá', 're']",al-co-o-li-zá-re
alcoolizat,adjectiv,"['al', 'co', 'o', 'li', 'zát']",al-co-o-li-zát
alcoolmetrie,substantiv,"['al', 'co', 'ol', 'me', 'trí', 'e']",al-co-ol-me-trí-e
alcoolmetru,substantiv,"['al', 'co', 'ol', 'mé', 'tru']",al-co-ol-mé-tru
alcoolomanie,substantiv,"['al', 'co', 'o', 'lo', 'ma', 'ní', 'e']",al-co-o-lo-ma-ní-e
alcoolscop,substantiv,[],not-found
alcooltest,substantiv,"['al', 'co', 'ol', 'tést']",al-co-ol-tést
alcoolurie,substantiv,[],not-found
alcov,substantiv,"['al', 'cóv']",al-cóv
alcovă,substantiv,[],not-found
alcoxid,substantiv,"['al', 'co', 'xíd']",al-co-xíd
aldămaș,substantiv,"['al', 'dă', 'máş']",al-dă-máş
aldan,substantiv,"['al', 'dán']",al-dán
aldehidă,substantiv,"['al', 'de', 'hí', 'da']",al-de-hí-da
aldin,adjectiv,"['al', 'dín']",al-dín
aldină,substantiv,"['al', 'dí', 'nă']",al-dí-nă
aldol,substantiv,"['al', 'dól']",al-dól
aldolizare,substantiv,[],not-found
aldosteron,substantiv,"['al', 'dos', 'te', 'rón']",al-dos-te-rón
aldosteronism,substantiv,[],not-found
aldoză,substantiv,"['al', 'dó', 'za']",al-dó-za
aldui,verb,[],not-found
alduit,adjectiv,[],not-found
alean,substantiv,"['a', 'leán']",a-leán
aleasă,substantiv,"['a', 'leá', 'să']",a-leá-să
aleator,adjectiv,[],not-found
aleatoric,adjectiv,"['a', 'le', 'a', 'tó', 'ric']",a-le-a-tó-ric
aleatorism,substantiv,"['a', 'le', 'a', 'to', 'rísm']",a-le-a-to-rísm
aleatoriu,adjectiv,"['a', 'le', 'a', 'tó', 'riu']",a-le-a-tó-riu
alebardă,substantiv,[],not-found
alee,substantiv,"['a', 'lé', 'e']",a-lé-e
alega,verb,"['a', 'le', 'gá']",a-le-gá
alegare,substantiv,[],not-found
alegat,adjectiv,"['a', 'le', 'gát']",a-le-gát
alegație,substantiv,"['a', 'le', 'gá', 'ţi', 'e']",a-le-gá-ţi-e
alegațiune,substantiv,[],not-found
alegătoare,substantiv,"['a', 'le', 'gă', 'toá', 're']",a-le-gă-toá-re
alegător,substantiv,"['a', 'le', 'gă', 'tór']",a-le-gă-tór
alege,verb,"['a', 'lé', 'ge']",a-lé-ge
alegere,substantiv,"['a', 'lé', 'ge', 're']",a-lé-ge-re
alegoric,adjectiv,"['a', 'le', 'gó', 'ric']",a-le-gó-ric
alegorie,substantiv,"['a', 'le', 'go', 'rí', 'e']",a-le-go-rí-e
alegorism,substantiv,"['a', 'le', 'go', 'rísm']",a-le-go-rísm
alegorist,adjectiv,"['a', 'le', 'go', 'ríst']",a-le-go-ríst
alegorist,substantiv,"['a', 'le', 'go', 'ríst']",a-le-go-ríst
alegoriza,verb,"['a', 'le', 'go', 'ri', 'zá']",a-le-go-ri-zá
alegorizant,adjectiv,"['a', 'le', 'go', 'ri', 'zánt']",a-le-go-ri-zánt
alegorizare,substantiv,"['a', 'le', 'go', 'ri', 'zá', 're']",a-le-go-ri-zá-re
alegorizat,adjectiv,"['a', 'le', 'go', 'ri', 'zát']",a-le-go-ri-zát
alegrețe,substantiv,"['a', 'le', 'gré', 'ţe']",a-le-gré-ţe
alegru,adjectiv,"['a', 'lé', 'gru']",a-lé-gru
alelă,substantiv,"['a', 'lé', 'la']",a-lé-la
alelism,substantiv,"['a', 'le', 'lísm']",a-le-lísm
alelomorf,adjectiv,"['a', 'le', 'lo', 'mórf']",a-le-lo-mórf
alelopatie,substantiv,"['a', 'le', 'lo', 'pa', 'tí', 'e']",a-le-lo-pa-tí-e
alem,substantiv,"['a', 'lém']",a-lém
alemandă,substantiv,"['a', 'le', 'mán', 'da']",a-le-mán-da
alemani,substantiv,"['a', 'le', 'máni']",a-le-máni
alemanic,adjectiv,[],not-found
alenă,substantiv,"['a', 'lé', 'na']",a-lé-na
alene,adverb,"['a', 'lé', 'ne']",a-lé-ne
alerga,verb,"['a', 'ler', 'gá']",a-ler-gá
alergare,substantiv,"['a', 'ler', 'gá', 're']",a-ler-gá-re
alergat,adjectiv,"['a', 'ler', 'gát']",a-ler-gát
alergat,substantiv,"['a', 'ler', 'gát']",a-ler-gát
alergătoare,substantiv,"['a', 'ler', 'gă', 'toá', 're']",a-ler-gă-toá-re
alergător,substantiv,"['a', 'ler', 'gă', 'tór']",a-ler-gă-tór
alergătură,substantiv,"['a', 'ler', 'gă', 'tú', 'ra']",a-ler-gă-tú-ra
alergen,adjectiv,"['a', 'ler', 'gén']",a-ler-gén
alergic,substantiv,"['a', 'lér', 'gic']",a-lér-gic
alergică,substantiv,"['a', 'lér', 'gi', 'că']",a-lér-gi-că
alergie,substantiv,"['a', 'ler', 'gí', 'e']",a-ler-gí-e
alergolog,adjectiv,"['a', 'ler', 'go', 'lóg']",a-ler-go-lóg
alergolog,substantiv,"['a', 'ler', 'go', 'lóg']",a-ler-go-lóg
alergologă,substantiv,"['a', 'ler', 'go', 'ló', 'ga']",a-ler-go-ló-ga
alergologic,adjectiv,"['a', 'ler', 'go', 'ló', 'gic']",a-ler-go-ló-gic
alergologie,substantiv,"['a', 'ler', 'go', 'lo', 'gí', 'e']",a-ler-go-lo-gí-e
alert,adjectiv,"['a', 'lért']",a-lért
alertă,substantiv,"['a', 'ler', 'tá', '(verb', '-', 'infinitiv', '/', 'verb', '-', 'imperfect)']",a-ler-tá-(verb---infinitiv-/-verb---imperfect)
alerta,verb,"['a', 'ler', 'tá', '(verb', '-', 'infinitiv', '/', 'verb', '-', 'imperfect)']",a-ler-tá-(verb---infinitiv-/-verb---imperfect)
alertare,substantiv,[],not-found
alertat,adjectiv,"['a', 'ler', 'tát']",a-ler-tát
alertețe,substantiv,[],not-found
ales,adjectiv,"['a', 'lés']",a-lés
ales,substantiv,"['a', 'lés']",a-lés
alesătură,substantiv,"['a', 'le', 'să', 'tú', 'ra']",a-le-să-tú-ra
aleurit,substantiv,"['a', 'leu', 'rít']",a-leu-rít
aleurolit,substantiv,"['a', 'leu', 'ro', 'lít']",a-leu-ro-lít
aleuronă,substantiv,"['a', 'leu', 'ró', 'na']",a-leu-ró-na
alevin,substantiv,"['a', 'le', 'vín']",a-le-vín
alexandrin,adjectiv,"['a', 'le', 'xan', 'drín']",a-le-xan-drín
alexandrin,substantiv,"['a', 'le', 'xan', 'drín']",a-le-xan-drín
alexăndrinean,adjectiv,[],not-found
alexăndrineancă,substantiv,[],not-found
alexandrinism,substantiv,"['a', 'le', 'xan', 'dri', 'nísm']",a-le-xan-dri-nísm
alexandrit,substantiv,"['a', 'le', 'xan', 'drít']",a-le-xan-drít
alexie,substantiv,"['a', 'le', 'xí', 'e']",a-le-xí-e
alexină,substantiv,"['a', 'le', 'xí', 'na']",a-le-xí-na
alexitimie,substantiv,"['a', 'le', 'xi', 'ti', 'mí', 'e']",a-le-xi-ti-mí-e
aleză,substantiv,"['a', 'le', 'zá', '(verb', '-', 'infinitiv', '/', 'verb', '-', 'imperfect)']",a-le-zá-(verb---infinitiv-/-verb---imperfect)
aleza,verb,"['a', 'le', 'zá', '(verb', '-', 'infinitiv', '/', 'verb', '-', 'imperfect)']",a-le-zá-(verb---infinitiv-/-verb---imperfect)
alezaj,substantiv,"['a', 'le', 'záj']",a-le-záj
alezan,adjectiv,"['a', 'le', 'zán']",a-le-zán
alezare,substantiv,"['a', 'le', 'zá', 're']",a-le-zá-re
alezat,adjectiv,"['a', 'le', 'zát']",a-le-zát
alezat,substantiv,"['a', 'le', 'zát']",a-le-zát
alezie,substantiv,"['a', 'le', 'zí', 'e']",a-le-zí-e
alezor,substantiv,"['a', 'le', 'zór']",a-le-zór
alfabet,substantiv,"['al', 'fa', 'bét']",al-fa-bét
alfabetar,substantiv,"['al', 'fa', 'be', 'tár']",al-fa-be-tár
alfabetic,adjectiv,"['al', 'fa', 'bé', 'tic']",al-fa-bé-tic
alfabetiza,verb,"['al', 'fa', 'be', 'ti', 'zá']",al-fa-be-ti-zá
alfabetizare,substantiv,"['al', 'fa', 'be', 'ti', 'zá', 're']",al-fa-be-ti-zá-re
alfabetizat,adjectiv,"['al', 'fa', 'be', 'ti', 'zát']",al-fa-be-ti-zát
alfabetizat,substantiv,"['al', 'fa', 'be', 'ti', 'zát']",al-fa-be-ti-zát
alfanumeric,adjectiv,"['al', 'fa', 'nu', 'mé', 'ric']",al-fa-nu-mé-ric
alfavita,substantiv,[],not-found
algă,substantiv,"['ál', 'ga']",ál-ga
algebră,substantiv,"['al', 'gé', 'bra']",al-gé-bra
algebric,adjectiv,"['al', 'gé', 'bric']",al-gé-bric
algebrist,adjectiv,"['al', 'ge', 'bríst']",al-ge-bríst
algebriza,verb,"['al', 'ge', 'bri', 'zá']",al-ge-bri-zá
algebrizare,substantiv,"['al', 'ge', 'bri', 'zá', 're']",al-ge-bri-zá-re
algerian,adjectiv,"['al', 'ge', 'ri', 'án']",al-ge-ri-án
algerian,substantiv,"['al', 'ge', 'ri', 'án']",al-ge-ri-án
algeriană,substantiv,"['al', 'ge', 'ri', 'á', 'na']",al-ge-ri-á-na
algeriancă,substantiv,"['al', 'ge', 'ri', 'án', 'ca']",al-ge-ri-án-ca
algezie,substantiv,"['al', 'ge', 'zí', 'e']",al-ge-zí-e
algic,adjectiv,"['ál', 'gic']",ál-gic
algicid,adjectiv,"['al', 'gi', 'cíd']",al-gi-cíd
algid,adjectiv,"['al', 'gíd']",al-gíd
algiditate,substantiv,"['al', 'gi', 'di', 'tá', 'te']",al-gi-di-tá-te
algie,substantiv,"['al', 'gí', 'e']",al-gí-e
algină,substantiv,"['al', 'gí', 'na']",al-gí-na
alginat,substantiv,[],not-found
algocultură,substantiv,"['al', 'go', 'cul', 'tú', 'ra']",al-go-cul-tú-ra
algodistrofie,substantiv,[],not-found
algofobie,substantiv,"['al', 'go', 'fo', 'bí', 'e']",al-go-fo-bí-e
algogen,adjectiv,"['al', 'go', 'gén']",al-go-gén
algol,substantiv,"['al', 'gól']",al-gól
algolog,substantiv,"['al', 'go', 'lóg']",al-go-lóg
algologie,substantiv,"['al', 'go', 'lo', 'gí', 'e']",al-go-lo-gí-e
algometru,substantiv,[],not-found
algonkian,adjectiv,"['al', 'gon', 'ki', 'án']",al-gon-ki-án
algonkin,adjectiv,[],not-found
algonquian,adjectiv,[],not-found
algorigramă,substantiv,[],not-found
algoritm,substantiv,"['al', 'go', 'rítm']",al-go-rítm
algoritmic,adjectiv,"['al', 'go', 'rít', 'mic']",al-go-rít-mic
algoritmiza,verb,"['al', 'go', 'rit', 'mi', 'zá']",al-go-rit-mi-zá
algoritmizare,substantiv,"['al', 'go', 'rit', 'mi', 'zá', 're']",al-go-rit-mi-zá-re
algoritmizat,adjectiv,"['al', 'go', 'rit', 'mi', 'zát']",al-go-rit-mi-zát
algrafie,substantiv,"['al', 'gra', 'fí', 'e']",al-gra-fí-e
alguacil,substantiv,[],not-found
alguazil,substantiv,"['al', 'gua', 'zíl']",al-gua-zíl
alhimist,adjectiv,[],not-found
alia,verb,"['a', 'li', 'á']",a-li-á
aliaj,substantiv,"['a', 'li', 'áj']",a-li-áj
alianță,substantiv,"['a', 'li', 'án', 'ţa']",a-li-án-ţa
aliat,adjectiv,"['a', 'li', 'át']",a-li-át
aliat,substantiv,"['a', 'li', 'át']",a-li-át
aliată,substantiv,"['a', 'li', 'á', 'tă']",a-li-á-tă
alibi,substantiv,"['a', 'li', 'bí']",a-li-bí
alic,substantiv,[],not-found
alică,substantiv,"['a', 'lí', 'ca']",a-lí-ca
alicante,substantiv,[],not-found
alicărie,substantiv,"['a', 'li', 'că', 'rí', 'e']",a-li-că-rí-e
alici,verb,"['a', 'li', 'cí']",a-li-cí
alicire,substantiv,[],not-found
alicit,adjectiv,"['a', 'li', 'cít']",a-li-cít
alicotă,substantiv,"['a', 'li', 'có', 'tă']",a-li-có-tă
alidadă,substantiv,"['a', 'li', 'dá', 'da']",a-li-dá-da
aliena,verb,"['a', 'li', 'e', 'ná']",a-li-e-ná
alienabil,adjectiv,"['a', 'li', 'e', 'ná', 'bil']",a-li-e-ná-bil
alienabilitate,substantiv,"['a', 'li', 'e', 'na', 'bi', 'li', 'tá', 'te']",a-li-e-na-bi-li-tá-te
alienant,adjectiv,"['a', 'li', 'e', 'nánt']",a-li-e-nánt
alienare,substantiv,"['a', 'li', 'e', 'ná', 're']",a-li-e-ná-re
alienat,adjectiv,"['a', 'li', 'e', 'nát']",a-li-e-nát
alienat,substantiv,"['a', 'li', 'e', 'nát']",a-li-e-nát
alienată,substantiv,"['a', 'li', 'e', 'ná', 'tă']",a-li-e-ná-tă
alienație,substantiv,"['a', 'li', 'e', 'ná', 'ţi', 'e']",a-li-e-ná-ţi-e
alienie,substantiv,[],not-found
alienist,adjectiv,"['a', 'li', 'e', 'níst']",a-li-e-níst
aliere,substantiv,[],not-found
alifatic,adjectiv,"['a', 'li', 'fá', 'tic']",a-li-fá-tic
alifie,substantiv,"['a', 'li', 'fí', 'e']",a-li-fí-e
alifios,adjectiv,"['a', 'li', 'fi', 'ós']",a-li-fi-ós
aligator,substantiv,"['a', 'li', 'ga', 'tór']",a-li-ga-tór
aligni,verb,[],not-found
aligote,substantiv,"['a', 'li', 'go', 'té']",a-li-go-té
alilodidactic,adjectiv,[],not-found
aliman,substantiv,[],not-found
alimbare,substantiv,"['a', 'lim', 'bá', 're']",a-lim-bá-re
aliment,substantiv,"['a', 'li', 'mént']",a-li-mént
alimenta,verb,"['a', 'li', 'men', 'tá']",a-li-men-tá
alimentar,adjectiv,"['a', 'li', 'men', 'tár']",a-li-men-tár
alimentară,substantiv,"['a', 'li', 'men', 'tá', 'ră']",a-li-men-tá-ră
alimentare,substantiv,"['a', 'li', 'men', 'tá', 're']",a-li-men-tá-re
alimentat,adjectiv,"['a', 'li', 'men', 'tát']",a-li-men-tát
alimentat,substantiv,"['a', 'li', 'men', 'tát']",a-li-men-tát
alimentație,substantiv,"['a', 'li', 'men', 'tá', 'ţi', 'e']",a-li-men-tá-ţi-e
alimentator,substantiv,"['a', 'li', 'men', 'ta', 'tór']",a-li-men-ta-tór
alina,verb,"['a', 'li', 'ná']",a-li-ná
alinare,substantiv,"['a', 'li', 'ná', 're']",a-li-ná-re
alinat,adjectiv,"['a', 'li', 'nát']",a-li-nát
alinat,substantiv,"['a', 'li', 'nát']",a-li-nát
alinătoare,substantiv,"['a', 'li', 'nă', 'toá', 're']",a-li-nă-toá-re
alinător,adjectiv,"['a', 'li', 'nă', 'tór']",a-li-nă-tór
alinător,substantiv,"['a', 'li', 'nă', 'tór']",a-li-nă-tór
alineament,substantiv,[],not-found
alineat,substantiv,"['a', 'li', 'ne', 'át']",a-li-ne-át
alini,verb,"['a', 'líni']",a-líni
alinia,verb,"['a', 'li', 'ni', 'á']",a-li-ni-á
aliniament,substantiv,"['a', 'li', 'ni', 'a', 'mént']",a-li-ni-a-mént
aliniat,adjectiv,"['a', 'li', 'ni', 'át']",a-li-ni-át
aliniat,substantiv,"['a', 'li', 'ni', 'át']",a-li-ni-át
aliniere,substantiv,"['a', 'li', 'ni', 'é', 're']",a-li-ni-é-re
alinire,substantiv,[],not-found
alint,substantiv,"['a', 'línt']",a-línt
alinta,verb,"['a', 'lin', 'tá']",a-lin-tá
alintare,substantiv,"['a', 'lin', 'tá', 're']",a-lin-tá-re
alintat,adjectiv,"['a', 'lin', 'tát']",a-lin-tát
alintat,substantiv,"['a', 'lin', 'tát']",a-lin-tát
alintată,substantiv,"['a', 'lin', 'tá', 'tă']",a-lin-tá-tă
alintătoare,substantiv,"['a', 'lin', 'tă', 'toá', 're']",a-lin-tă-toá-re
alintător,adjectiv,"['a', 'lin', 'tă', 'tór']",a-lin-tă-tór
alintător,substantiv,"['a', 'lin', 'tă', 'tór']",a-lin-tă-tór
alintătură,substantiv,"['a', 'lin', 'tă', 'tú', 'ra']",a-lin-tă-tú-ra
alior,substantiv,"['a', 'li', 'ór']",a-li-ór
aliotman,substantiv,[],not-found
alipi,verb,"['a', 'li', 'pí']",a-li-pí
alipire,substantiv,"['a', 'li', 'pí', 're']",a-li-pí-re
alipit,adjectiv,"['a', 'li', 'pít']",a-li-pít
alipit,substantiv,"['a', 'li', 'pít']",a-li-pít
alismatacee,substantiv,"['a', 'lis', 'ma', 'ta', 'cé', 'e']",a-lis-ma-ta-cé-e
alișveriș,substantiv,"['a', 'liş', 've', 'ríş']",a-liş-ve-ríş
alit,substantiv,"['a', 'lít']",a-lít
aliterar,adjectiv,"['a', 'li', 'te', 'rár']",a-li-te-rár
